2026-05-04 11:52:18,578 [INFO] Пайплайн запущен
2026-05-04 11:52:18,581 [INFO] ========================================
2026-05-04 11:52:18,582 [INFO] Запуск шага: BRONZE
2026-05-04 11:52:18,584 [INFO] ========================================
2026-05-04 11:52:18,585 [INFO] === BRONZE: Загрузка CSV в Delta ===
2026-05-04 11:52:20,486 [INFO] Загружено строк: 582425, колонок: 120
2026-05-04 11:52:21,040 [INFO] Записан день: 2024-01-01 | строк: 18338
2026-05-04 11:52:21,253 [INFO] Записан день: 2024-01-02 | строк: 20169
2026-05-04 11:52:21,431 [INFO] Записан день: 2024-01-03 | строк: 19693
2026-05-04 11:52:21,608 [INFO] Записан день: 2024-01-04 | строк: 19202
2026-05-04 11:52:21,890 [INFO] Записан день: 2024-01-05 | строк: 19251
2026-05-04 11:52:22,157 [INFO] Записан день: 2024-01-06 | строк: 18108
2026-05-04 11:52:22,370 [INFO] Записан день: 2024-01-07 | строк: 20021
2026-05-04 11:52:22,578 [INFO] Записан день: 2024-01-08 | строк: 19637
2026-05-04 11:52:22,886 [INFO] Записан день: 2024-01-09 | строк: 17822
2026-05-04 11:52:23,110 [INFO] Записан день: 2024-01-10 | строк: 17893
2026-05-04 11:52:23,312 [INFO] Записан день: 2024-01-11 | строк: 19709
2026-05-04 11:52:23,652 [INFO] Записан день: 2024-01-12 | строк: 19812
2026-05-04 11:52:24,082 [INFO] Записан день: 2024-01-13 | строк: 16501
2026-05-04 11:52:24,712 [INFO] Записан день: 2024-01-14 | строк: 18648
2026-05-04 11:52:25,247 [INFO] Записан день: 2024-01-15 | строк: 19804
2026-05-04 11:52:25,818 [INFO] Записан день: 2024-01-16 | строк: 17574
2026-05-04 11:52:26,166 [INFO] Записан день: 2024-01-17 | строк: 17973
2026-05-04 11:52:27,369 [INFO] Записан день: 2024-01-18 | строк: 19872
2026-05-04 11:52:28,036 [INFO] Записан день: 2024-01-19 | строк: 19912
2026-05-04 11:52:28,364 [INFO] Записан день: 2024-01-20 | строк: 16580
2026-05-04 11:52:28,680 [INFO] Записан день: 2024-01-21 | строк: 19750
2026-05-04 11:52:29,240 [INFO] Записан день: 2024-01-22 | строк: 19739
2026-05-04 11:52:29,587 [INFO] Записан день: 2024-01-23 | строк: 17516
2026-05-04 11:52:30,006 [INFO] Записан день: 2024-01-24 | строк: 17929
2026-05-04 11:52:30,683 [INFO] Записан день: 2024-01-25 | строк: 19891
2026-05-04 11:52:31,151 [INFO] Записан день: 2024-01-26 | строк: 19923
2026-05-04 11:52:31,561 [INFO] Записан день: 2024-01-27 | строк: 16591
2026-05-04 11:52:32,345 [INFO] Записан день: 2024-01-28 | строк: 19822
2026-05-04 11:52:33,373 [INFO] Записан день: 2024-01-29 | строк: 19563
2026-05-04 11:52:34,510 [INFO] Записан день: 2024-01-30 | строк: 17396
2026-05-04 11:52:35,574 [INFO] Записан день: 2024-01-31 | строк: 17786
2026-05-04 11:52:36,175 [INFO] Итого версий Delta: 30
2026-05-04 11:52:36,176 [INFO] === BRONZE: Готово ===
2026-05-04 11:52:36,184 [INFO] BRONZE: OK
2026-05-04 11:52:36,184 [INFO] ========================================
2026-05-04 11:52:36,185 [INFO] Запуск шага: SILVER
2026-05-04 11:52:36,185 [INFO] ========================================
2026-05-04 11:52:36,186 [INFO] === SILVER: Очистка и трансформация ===
2026-05-04 11:52:37,005 [INFO] Строк после очистки: 557133
2026-05-04 11:52:37,101 [INFO] Строк после дедупликации: 557133
2026-05-04 11:52:37,382 [INFO] Записан день: 2024-01-01, строк=18274
2026-05-04 11:52:37,688 [INFO] Записан день: 2024-01-02, строк=20084
2026-05-04 11:52:37,881 [INFO] Записан день: 2024-01-03, строк=19615
2026-05-04 11:52:38,105 [INFO] Записан день: 2024-01-04, строк=19087
2026-05-04 11:52:38,422 [INFO] Записан день: 2024-01-05, строк=19198
2026-05-04 11:52:38,717 [INFO] Записан день: 2024-01-06, строк=17564
2026-05-04 11:52:38,975 [INFO] Записан день: 2024-01-07, строк=19268
2026-05-04 11:52:39,438 [INFO] Записан день: 2024-01-08, строк=18665
2026-05-04 11:52:40,408 [INFO] Записан день: 2024-01-09, строк=16056
2026-05-04 11:52:40,579 [INFO] Записан день: 2024-01-10, строк=17273
2026-05-04 11:52:40,727 [INFO] Записан день: 2024-01-11, строк=19163
2026-05-04 11:52:40,894 [INFO] Записан день: 2024-01-12, строк=17501
2026-05-04 11:52:41,153 [INFO] Записан день: 2024-01-13, строк=15251
2026-05-04 11:52:41,561 [INFO] Записан день: 2024-01-14, строк=17032
2026-05-04 11:52:41,780 [INFO] Записан день: 2024-01-15, строк=16261
2026-05-04 11:52:42,032 [INFO] Записан день: 2024-01-16, строк=15128
2026-05-04 11:52:42,351 [INFO] Записан день: 2024-01-17, строк=16842
2026-05-04 11:52:42,520 [INFO] Записан день: 2024-01-18, строк=19196
2026-05-04 11:52:42,877 [INFO] Записан день: 2024-01-19, строк=18796
2026-05-04 11:52:43,275 [INFO] Записан день: 2024-01-20, строк=16201
2026-05-04 11:52:43,819 [INFO] Записан день: 2024-01-21, строк=19357
2026-05-04 11:52:44,206 [INFO] Записан день: 2024-01-22, строк=18790
2026-05-04 11:52:44,790 [INFO] Записан день: 2024-01-23, строк=16856
2026-05-04 11:52:45,363 [INFO] Записан день: 2024-01-24, строк=17112
2026-05-04 11:52:46,049 [INFO] Записан день: 2024-01-25, строк=18921
2026-05-04 11:52:46,584 [INFO] Записан день: 2024-01-26, строк=19419
2026-05-04 11:52:47,226 [INFO] Записан день: 2024-01-27, строк=16230
2026-05-04 11:52:47,731 [INFO] Записан день: 2024-01-28, строк=19616
2026-05-04 11:52:48,295 [INFO] Записан день: 2024-01-29, строк=19396
2026-05-04 11:52:48,536 [INFO] Записан день: 2024-01-30, строк=17294
2026-05-04 11:52:48,950 [INFO] Записан день: 2024-01-31, строк=17687
2026-05-04 11:52:49,187 [INFO] Версия Silver: 30
2026-05-04 11:52:49,187 [INFO] === SILVER: Готово ===
2026-05-04 11:52:49,189 [INFO] SILVER: OK
2026-05-04 11:52:49,189 [INFO] ========================================
2026-05-04 11:52:49,189 [INFO] Запуск шага: GOLD
2026-05-04 11:52:49,190 [INFO] ========================================
2026-05-04 11:52:49,190 [INFO] === GOLD: Создание витрин ===
2026-05-04 11:52:49,465 [INFO] Аналитика: 43389 строк
2026-05-04 11:52:49,543 [INFO] Витрина analytics записана.
2026-05-04 11:52:49,593 [INFO] Feature table: 557133 строк
2026-05-04 11:52:49,813 [INFO] Витрина features записана.
2026-05-04 11:52:49,831 [INFO] Версия analytics: 0
2026-05-04 11:52:49,851 [INFO] Версия features: 0
2026-05-04 11:52:49,851 [INFO] === GOLD: Готово ===
2026-05-04 11:52:49,852 [INFO] GOLD: OK
2026-05-04 11:52:49,853 [INFO] ========================================
2026-05-04 11:52:49,853 [INFO] Запуск шага: DELTA OPS
2026-05-04 11:52:49,854 [INFO] ========================================
2026-05-04 11:52:49,854 [INFO] === DELTA OPS: Обслуживание таблиц ===
2026-05-04 11:52:50,680 [INFO] OPTIMIZE выполнен: month=2
2026-05-04 11:52:50,772 [INFO] OPTIMIZE выполнен: month=3
2026-05-04 11:52:50,908 [INFO] OPTIMIZE выполнен: month=4
2026-05-04 11:52:51,003 [INFO] OPTIMIZE выполнен: month=5
2026-05-04 11:52:51,105 [INFO] OPTIMIZE выполнен: month=6
2026-05-04 11:52:51,196 [INFO] OPTIMIZE выполнен: month=7
2026-05-04 11:52:51,288 [INFO] OPTIMIZE выполнен: month=8
2026-05-04 11:52:51,379 [INFO] OPTIMIZE выполнен: month=9
2026-05-04 11:52:51,504 [INFO] OPTIMIZE выполнен: month=10
2026-05-04 11:52:51,655 [INFO] OPTIMIZE выполнен: month=11
2026-05-04 11:52:51,794 [INFO] OPTIMIZE выполнен: month=12
2026-05-04 11:52:51,794 [INFO] OPTIMIZE (compaction) выполнен на Silver.
2026-05-04 11:52:53,290 [INFO] Z-ORDER выполнен: month=2
2026-05-04 11:52:53,485 [INFO] Z-ORDER выполнен: month=3
2026-05-04 11:52:53,582 [INFO] Z-ORDER выполнен: month=4
2026-05-04 11:52:53,784 [INFO] Z-ORDER выполнен: month=5
2026-05-04 11:52:53,873 [INFO] Z-ORDER выполнен: month=6
2026-05-04 11:52:53,976 [INFO] Z-ORDER выполнен: month=7
2026-05-04 11:52:54,077 [INFO] Z-ORDER выполнен: month=8
2026-05-04 11:52:54,181 [INFO] Z-ORDER выполнен: month=9
2026-05-04 11:52:54,278 [INFO] Z-ORDER выполнен: month=10
2026-05-04 11:52:54,370 [INFO] Z-ORDER выполнен: month=11
2026-05-04 11:52:54,464 [INFO] Z-ORDER выполнен: month=12
2026-05-04 11:52:54,465 [INFO] Z-ORDER по [Origin, DayOfWeek] выполнен на Silver.
2026-05-04 11:52:54,531 [INFO] VACUUM выполнен на Silver.
2026-05-04 11:52:54,531 [INFO] [Time Travel] Читаем версию 0 таблицы Silver:
2026-05-04 11:52:54,608 [INFO] 
shape: (5, 4)
┌────────────┬────────┬──────┬──────────┐
│ FlightDate ┆ Origin ┆ Dest ┆ ArrDelay │
│ ---        ┆ ---    ┆ ---  ┆ ---      │
│ str        ┆ str    ┆ str  ┆ f64      │
╞════════════╪════════╪══════╪══════════╡
│ 2024-01-01 ┆ MKE    ┆ MCI  ┆ -26.0    │
│ 2024-01-01 ┆ LIT    ┆ IAH  ┆ -7.0     │
│ 2024-01-01 ┆ PHX    ┆ DEN  ┆ -15.0    │
│ 2024-01-01 ┆ BOS    ┆ SLC  ┆ -64.0    │
│ 2024-01-01 ┆ MDW    ┆ RSW  ┆ -11.0    │
└────────────┴────────┴──────┴──────────┘
2026-05-04 11:52:54,608 [INFO] Текущая версия Silver: 30
2026-05-04 11:52:54,608 [INFO] [Schema Evolution] Добавляем колонку is_long_flight в Gold features:
2026-05-04 11:52:54,815 [INFO] Schema evolution выполнен: добавлена колонка is_long_flight.
2026-05-04 11:52:54,816 [INFO] === DELTA OPS: Готово ===
2026-05-04 11:52:54,817 [INFO] DELTA OPS: OK
2026-05-04 11:52:54,817 [INFO] ========================================
2026-05-04 11:52:54,817 [INFO] Запуск шага: ML
2026-05-04 11:52:54,818 [INFO] ========================================
2026-05-04 11:52:54,818 [INFO] === ML: Обучение моделей ===
2026-05-04 11:52:54,887 [INFO] Загружено строк: 557133
2026-05-04 11:52:55,904 [INFO] Версия Gold таблицы: 1
2026-05-04 11:53:00,796 [INFO] [REG] LinearRegression → MAE: 11.02, RMSE: 15.75, R2: 0.895
2026-05-04 11:53:17,040 [INFO] [REG] RandomForestRegressor → MAE: 10.90, RMSE: 15.56, R2: 0.897
2026-05-04 11:53:20,742 [INFO] [REG] LightGBM_Regressor → MAE: 10.67, RMSE: 15.26, R2: 0.901
2026-05-04 11:53:44,843 [INFO] [CLF] LogisticRegression → Accuracy: 0.917, F1: 0.802, ROC-AUC: 0.925
2026-05-04 11:53:52,833 [INFO] [CLF] RandomForestClassifier → Accuracy: 0.918, F1: 0.803, ROC-AUC: 0.931
2026-05-04 11:53:56,794 [INFO] [CLF] LightGBM_Classifier → Accuracy: 0.919, F1: 0.805, ROC-AUC: 0.934
2026-05-04 11:53:57,474 [INFO] Feature Importance (регрессия):
2026-05-04 11:53:57,481 [INFO] 
                    feature  reg_importance
                   DepDelay        0.991739
                   Distance        0.002790
                      route        0.001279
IATA_Code_Marketing_Airline        0.001060
                       hour        0.001053
                       Dest        0.000974
                  DayOfWeek        0.000708
                     Origin        0.000397
                     season        0.000000
                      month        0.000000
2026-05-04 11:53:57,509 [INFO] === ML: Готово ===
2026-05-04 11:53:57,514 [INFO] ML: OK
2026-05-04 11:53:57,515 [INFO] Весь пайплайн завершён успешно!
2026-05-04 13:17:23,749 [INFO] Пайплайн запущен
2026-05-04 13:17:23,750 [INFO] ========================================
2026-05-04 13:17:23,750 [INFO] Запуск шага: BRONZE
2026-05-04 13:17:23,751 [INFO] ========================================
2026-05-04 13:17:23,751 [INFO] === BRONZE: Загрузка CSV в Delta ===
2026-05-04 13:17:25,334 [INFO] Загружено строк: 582425, колонок: 120
2026-05-04 13:17:25,866 [INFO] Записан день: 2024-01-01 | строк: 18338
2026-05-04 13:17:26,407 [INFO] Записан день: 2024-01-02 | строк: 20169
2026-05-04 13:17:27,029 [INFO] Записан день: 2024-01-03 | строк: 19693
2026-05-04 13:17:27,566 [INFO] Записан день: 2024-01-04 | строк: 19202
2026-05-04 13:17:28,161 [INFO] Записан день: 2024-01-05 | строк: 19251
2026-05-04 13:17:28,582 [INFO] Записан день: 2024-01-06 | строк: 18108
2026-05-04 13:17:29,155 [INFO] Записан день: 2024-01-07 | строк: 20021
2026-05-04 13:17:29,735 [INFO] Записан день: 2024-01-08 | строк: 19637
2026-05-04 13:17:30,279 [INFO] Записан день: 2024-01-09 | строк: 17822
2026-05-04 13:17:30,760 [INFO] Записан день: 2024-01-10 | строк: 17893
2026-05-04 13:17:31,441 [INFO] Записан день: 2024-01-11 | строк: 19709
2026-05-04 13:17:32,101 [INFO] Записан день: 2024-01-12 | строк: 19812
2026-05-04 13:17:32,727 [INFO] Записан день: 2024-01-13 | строк: 16501
2026-05-04 13:17:33,465 [INFO] Записан день: 2024-01-14 | строк: 18648
2026-05-04 13:17:34,237 [INFO] Записан день: 2024-01-15 | строк: 19804
2026-05-04 13:17:34,719 [INFO] Записан день: 2024-01-16 | строк: 17574
2026-05-04 13:17:35,131 [INFO] Записан день: 2024-01-17 | строк: 17973
2026-05-04 13:17:35,548 [INFO] Записан день: 2024-01-18 | строк: 19872
2026-05-04 13:17:36,086 [INFO] Записан день: 2024-01-19 | строк: 19912
2026-05-04 13:17:36,764 [INFO] Записан день: 2024-01-20 | строк: 16580
2026-05-04 13:17:37,606 [INFO] Записан день: 2024-01-21 | строк: 19750
2026-05-04 13:17:38,272 [INFO] Записан день: 2024-01-22 | строк: 19739
2026-05-04 13:17:39,129 [INFO] Записан день: 2024-01-23 | строк: 17516
2026-05-04 13:17:39,858 [INFO] Записан день: 2024-01-24 | строк: 17929
2026-05-04 13:17:40,534 [INFO] Записан день: 2024-01-25 | строк: 19891
2026-05-04 13:17:41,327 [INFO] Записан день: 2024-01-26 | строк: 19923
2026-05-04 13:17:42,231 [INFO] Записан день: 2024-01-27 | строк: 16591
2026-05-04 13:17:42,967 [INFO] Записан день: 2024-01-28 | строк: 19822
2026-05-04 13:17:43,382 [INFO] Записан день: 2024-01-29 | строк: 19563
2026-05-04 13:17:44,203 [INFO] Записан день: 2024-01-30 | строк: 17396
2026-05-04 13:17:44,795 [INFO] Записан день: 2024-01-31 | строк: 17786
2026-05-04 13:17:45,086 [INFO] Итого версий Delta: 61
2026-05-04 13:17:45,086 [INFO] === BRONZE: Готово ===
2026-05-04 13:17:45,091 [INFO] BRONZE: OK
2026-05-04 13:17:45,091 [INFO] ========================================
2026-05-04 13:17:45,092 [INFO] Запуск шага: SILVER
2026-05-04 13:17:45,092 [INFO] ========================================
2026-05-04 13:17:45,093 [INFO] === SILVER: Очистка и трансформация ===
2026-05-04 13:17:45,578 [INFO] Строк после очистки: 1114266
2026-05-04 13:17:45,714 [INFO] Строк после дедупликации: 557133
2026-05-04 13:17:48,159 [INFO] MERGE выполнен: date=2024-01-01, строк=18274
2026-05-04 13:17:50,170 [INFO] MERGE выполнен: date=2024-01-02, строк=20084
2026-05-04 13:17:52,160 [INFO] MERGE выполнен: date=2024-01-03, строк=19615
2026-05-04 13:17:54,503 [INFO] MERGE выполнен: date=2024-01-04, строк=19087
2026-05-04 13:17:56,597 [INFO] MERGE выполнен: date=2024-01-05, строк=19198
2026-05-04 13:17:58,412 [INFO] MERGE выполнен: date=2024-01-06, строк=17564
2026-05-04 13:18:00,204 [INFO] MERGE выполнен: date=2024-01-07, строк=19268
2026-05-04 13:18:02,389 [INFO] MERGE выполнен: date=2024-01-08, строк=18665
2026-05-04 13:18:04,521 [INFO] MERGE выполнен: date=2024-01-09, строк=16056
2026-05-04 13:18:06,449 [INFO] MERGE выполнен: date=2024-01-10, строк=17273
2026-05-04 13:18:08,354 [INFO] MERGE выполнен: date=2024-01-11, строк=19163
2026-05-04 13:18:10,389 [INFO] MERGE выполнен: date=2024-01-12, строк=17501
2026-05-04 13:18:12,747 [INFO] MERGE выполнен: date=2024-01-13, строк=15251
2026-05-04 13:18:14,907 [INFO] MERGE выполнен: date=2024-01-14, строк=17032
2026-05-04 13:18:17,138 [INFO] MERGE выполнен: date=2024-01-15, строк=16261
2026-05-04 13:18:19,134 [INFO] MERGE выполнен: date=2024-01-16, строк=15128
2026-05-04 13:18:21,517 [INFO] MERGE выполнен: date=2024-01-17, строк=16842
2026-05-04 13:18:23,937 [INFO] MERGE выполнен: date=2024-01-18, строк=19196
2026-05-04 13:18:25,840 [INFO] MERGE выполнен: date=2024-01-19, строк=18796
2026-05-04 13:18:27,742 [INFO] MERGE выполнен: date=2024-01-20, строк=16201
2026-05-04 13:18:30,037 [INFO] MERGE выполнен: date=2024-01-21, строк=19357
2026-05-04 13:18:32,532 [INFO] MERGE выполнен: date=2024-01-22, строк=18790
2026-05-04 13:18:34,612 [INFO] MERGE выполнен: date=2024-01-23, строк=16856
2026-05-04 13:18:36,691 [INFO] MERGE выполнен: date=2024-01-24, строк=17112
2026-05-04 13:18:38,574 [INFO] MERGE выполнен: date=2024-01-25, строк=18921
2026-05-04 13:18:40,441 [INFO] MERGE выполнен: date=2024-01-26, строк=19419
2026-05-04 13:18:42,460 [INFO] MERGE выполнен: date=2024-01-27, строк=16230
2026-05-04 13:18:44,610 [INFO] MERGE выполнен: date=2024-01-28, строк=19616
2026-05-04 13:18:46,651 [INFO] MERGE выполнен: date=2024-01-29, строк=19396
2026-05-04 13:18:48,520 [INFO] MERGE выполнен: date=2024-01-30, строк=17294
2026-05-04 13:18:50,345 [INFO] MERGE выполнен: date=2024-01-31, строк=17687
2026-05-04 13:18:50,523 [INFO] Версия Silver: 61
2026-05-04 13:18:50,524 [INFO] === SILVER: Готово ===
2026-05-04 13:18:50,526 [INFO] SILVER: OK
2026-05-04 13:18:50,526 [INFO] ========================================
2026-05-04 13:18:50,526 [INFO] Запуск шага: GOLD
2026-05-04 13:18:50,527 [INFO] ========================================
2026-05-04 13:18:50,527 [INFO] === GOLD: Создание витрин ===
2026-05-04 13:18:50,871 [INFO] Аналитика: 43389 строк
2026-05-04 13:18:50,966 [INFO] Витрина analytics записана.
2026-05-04 13:18:51,007 [INFO] Feature table: 557133 строк
2026-05-04 13:18:51,053 [ERROR] GOLD: ОШИБКА — Cannot cast schema, number of fields does not match: 12 vs 13
2026-05-04 13:18:51,056 [ERROR] Traceback (most recent call last):
  File "/app/main.py", line 45, in main
    step_func()  # вызываем функцию шага
    ^^^^^^^^^^^
  File "/app/src/gold.py", line 59, in run_gold
    write_deltalake(GOLD_FEATURES_PATH, feature_df, mode="overwrite")
  File "/usr/local/lib/python3.11/site-packages/deltalake/writer/writer.py", line 131, in write_deltalake
    table._table.write(
_internal.SchemaMismatchError: Cannot cast schema, number of fields does not match: 12 vs 13

2026-05-04 13:31:59,062 [INFO] Пайплайн запущен
2026-05-04 13:31:59,063 [INFO] ========================================
2026-05-04 13:31:59,063 [INFO] Запуск шага: BRONZE
2026-05-04 13:31:59,063 [INFO] ========================================
2026-05-04 13:31:59,064 [INFO] === BRONZE: Загрузка CSV в Delta ===
2026-05-04 13:32:00,897 [INFO] Загружено строк: 582425, колонок: 120
2026-05-04 13:32:01,156 [INFO] Записан день: 2024-01-01 | строк: 18338
2026-05-04 13:32:01,330 [INFO] Записан день: 2024-01-02 | строк: 20169
2026-05-04 13:32:01,486 [INFO] Записан день: 2024-01-03 | строк: 19693
2026-05-04 13:32:01,648 [INFO] Записан день: 2024-01-04 | строк: 19202
2026-05-04 13:32:01,840 [INFO] Записан день: 2024-01-05 | строк: 19251
2026-05-04 13:32:02,011 [INFO] Записан день: 2024-01-06 | строк: 18108
2026-05-04 13:32:02,226 [INFO] Записан день: 2024-01-07 | строк: 20021
2026-05-04 13:32:02,463 [INFO] Записан день: 2024-01-08 | строк: 19637
2026-05-04 13:32:02,677 [INFO] Записан день: 2024-01-09 | строк: 17822
2026-05-04 13:32:02,897 [INFO] Записан день: 2024-01-10 | строк: 17893
2026-05-04 13:32:03,116 [INFO] Записан день: 2024-01-11 | строк: 19709
2026-05-04 13:32:03,431 [INFO] Записан день: 2024-01-12 | строк: 19812
2026-05-04 13:32:03,651 [INFO] Записан день: 2024-01-13 | строк: 16501
2026-05-04 13:32:03,863 [INFO] Записан день: 2024-01-14 | строк: 18648
2026-05-04 13:32:04,139 [INFO] Записан день: 2024-01-15 | строк: 19804
2026-05-04 13:32:04,536 [INFO] Записан день: 2024-01-16 | строк: 17574
2026-05-04 13:32:04,887 [INFO] Записан день: 2024-01-17 | строк: 17973
2026-05-04 13:32:05,328 [INFO] Записан день: 2024-01-18 | строк: 19872
2026-05-04 13:32:05,716 [INFO] Записан день: 2024-01-19 | строк: 19912
2026-05-04 13:32:06,064 [INFO] Записан день: 2024-01-20 | строк: 16580
2026-05-04 13:32:06,503 [INFO] Записан день: 2024-01-21 | строк: 19750
2026-05-04 13:32:06,948 [INFO] Записан день: 2024-01-22 | строк: 19739
2026-05-04 13:32:07,297 [INFO] Записан день: 2024-01-23 | строк: 17516
2026-05-04 13:32:07,656 [INFO] Записан день: 2024-01-24 | строк: 17929
2026-05-04 13:32:07,996 [INFO] Записан день: 2024-01-25 | строк: 19891
2026-05-04 13:32:08,300 [INFO] Записан день: 2024-01-26 | строк: 19923
2026-05-04 13:32:08,614 [INFO] Записан день: 2024-01-27 | строк: 16591
2026-05-04 13:32:09,093 [INFO] Записан день: 2024-01-28 | строк: 19822
2026-05-04 13:32:09,642 [INFO] Записан день: 2024-01-29 | строк: 19563
2026-05-04 13:32:10,132 [INFO] Записан день: 2024-01-30 | строк: 17396
2026-05-04 13:32:10,705 [INFO] Записан день: 2024-01-31 | строк: 17786
2026-05-04 13:32:10,912 [INFO] Итого версий Delta: 30
2026-05-04 13:32:10,912 [INFO] === BRONZE: Готово ===
2026-05-04 13:32:10,918 [INFO] BRONZE: OK
2026-05-04 13:32:10,919 [INFO] ========================================
2026-05-04 13:32:10,919 [INFO] Запуск шага: SILVER
2026-05-04 13:32:10,919 [INFO] ========================================
2026-05-04 13:32:10,919 [INFO] === SILVER: Очистка и трансформация ===
2026-05-04 13:32:11,267 [INFO] Строк после очистки: 557133
2026-05-04 13:32:11,371 [INFO] Строк после дедупликации: 557133
2026-05-04 13:32:11,489 [INFO] Записан день: 2024-01-01, строк=18274
2026-05-04 13:32:11,620 [INFO] Записан день: 2024-01-02, строк=20084
2026-05-04 13:32:11,736 [INFO] Записан день: 2024-01-03, строк=19615
2026-05-04 13:32:11,861 [INFO] Записан день: 2024-01-04, строк=19087
2026-05-04 13:32:12,017 [INFO] Записан день: 2024-01-05, строк=19198
2026-05-04 13:32:12,180 [INFO] Записан день: 2024-01-06, строк=17564
2026-05-04 13:32:12,388 [INFO] Записан день: 2024-01-07, строк=19268
2026-05-04 13:32:12,621 [INFO] Записан день: 2024-01-08, строк=18665
2026-05-04 13:32:12,863 [INFO] Записан день: 2024-01-09, строк=16056
2026-05-04 13:32:13,153 [INFO] Записан день: 2024-01-10, строк=17273
2026-05-04 13:32:13,449 [INFO] Записан день: 2024-01-11, строк=19163
2026-05-04 13:32:13,679 [INFO] Записан день: 2024-01-12, строк=17501
2026-05-04 13:32:13,882 [INFO] Записан день: 2024-01-13, строк=15251
2026-05-04 13:32:14,129 [INFO] Записан день: 2024-01-14, строк=17032
2026-05-04 13:32:14,399 [INFO] Записан день: 2024-01-15, строк=16261
2026-05-04 13:32:14,615 [INFO] Записан день: 2024-01-16, строк=15128
2026-05-04 13:32:14,868 [INFO] Записан день: 2024-01-17, строк=16842
2026-05-04 13:32:15,092 [INFO] Записан день: 2024-01-18, строк=19196
2026-05-04 13:32:15,479 [INFO] Записан день: 2024-01-19, строк=18796
2026-05-04 13:32:15,826 [INFO] Записан день: 2024-01-20, строк=16201
2026-05-04 13:32:16,145 [INFO] Записан день: 2024-01-21, строк=19357
2026-05-04 13:32:16,452 [INFO] Записан день: 2024-01-22, строк=18790
2026-05-04 13:32:16,904 [INFO] Записан день: 2024-01-23, строк=16856
2026-05-04 13:32:17,248 [INFO] Записан день: 2024-01-24, строк=17112
2026-05-04 13:32:17,573 [INFO] Записан день: 2024-01-25, строк=18921
2026-05-04 13:32:17,940 [INFO] Записан день: 2024-01-26, строк=19419
2026-05-04 13:32:18,363 [INFO] Записан день: 2024-01-27, строк=16230
2026-05-04 13:32:19,009 [INFO] Записан день: 2024-01-28, строк=19616
2026-05-04 13:32:19,399 [INFO] Записан день: 2024-01-29, строк=19396
2026-05-04 13:32:19,638 [INFO] Записан день: 2024-01-30, строк=17294
2026-05-04 13:32:19,861 [INFO] Записан день: 2024-01-31, строк=17687
2026-05-04 13:32:20,000 [INFO] Версия Silver: 30
2026-05-04 13:32:20,000 [INFO] === SILVER: Готово ===
2026-05-04 13:32:20,001 [INFO] SILVER: OK
2026-05-04 13:32:20,001 [INFO] ========================================
2026-05-04 13:32:20,002 [INFO] Запуск шага: GOLD
2026-05-04 13:32:20,002 [INFO] ========================================
2026-05-04 13:32:20,002 [INFO] === GOLD: Создание витрин ===
2026-05-04 13:32:20,373 [INFO] Аналитика: 43389 строк
2026-05-04 13:32:20,477 [INFO] Витрина analytics записана.
2026-05-04 13:32:20,527 [INFO] Feature table: 557133 строк
2026-05-04 13:32:20,742 [INFO] Витрина features записана.
2026-05-04 13:32:20,764 [INFO] Версия analytics: 0
2026-05-04 13:32:20,792 [INFO] Версия features: 0
2026-05-04 13:32:20,792 [INFO] === GOLD: Готово ===
2026-05-04 13:32:20,793 [INFO] GOLD: OK
2026-05-04 13:32:20,793 [INFO] ========================================
2026-05-04 13:32:20,793 [INFO] Запуск шага: DELTA OPS
2026-05-04 13:32:20,793 [INFO] ========================================
2026-05-04 13:32:20,794 [INFO] === DELTA OPS: Обслуживание таблиц ===
2026-05-04 13:32:21,384 [INFO] OPTIMIZE выполнен: FlightDate=2024-01-01
2026-05-04 13:32:21,498 [INFO] OPTIMIZE выполнен: FlightDate=2024-01-02
2026-05-04 13:32:21,642 [INFO] OPTIMIZE выполнен: FlightDate=2024-01-03
2026-05-04 13:32:21,760 [INFO] OPTIMIZE выполнен: FlightDate=2024-01-04
2026-05-04 13:32:21,875 [INFO] OPTIMIZE выполнен: FlightDate=2024-01-05
2026-05-04 13:32:21,971 [INFO] OPTIMIZE выполнен: FlightDate=2024-01-06
2026-05-04 13:32:22,056 [INFO] OPTIMIZE выполнен: FlightDate=2024-01-07
2026-05-04 13:32:22,143 [INFO] OPTIMIZE выполнен: FlightDate=2024-01-08
2026-05-04 13:32:22,326 [INFO] OPTIMIZE выполнен: FlightDate=2024-01-09
2026-05-04 13:32:22,415 [INFO] OPTIMIZE выполнен: FlightDate=2024-01-10
2026-05-04 13:32:22,502 [INFO] OPTIMIZE выполнен: FlightDate=2024-01-11
2026-05-04 13:32:22,580 [INFO] OPTIMIZE выполнен: FlightDate=2024-01-12
2026-05-04 13:32:22,661 [INFO] OPTIMIZE выполнен: FlightDate=2024-01-13
2026-05-04 13:32:22,745 [INFO] OPTIMIZE выполнен: FlightDate=2024-01-14
2026-05-04 13:32:22,824 [INFO] OPTIMIZE выполнен: FlightDate=2024-01-15
2026-05-04 13:32:22,923 [INFO] OPTIMIZE выполнен: FlightDate=2024-01-16
2026-05-04 13:32:23,009 [INFO] OPTIMIZE выполнен: FlightDate=2024-01-17
2026-05-04 13:32:23,092 [INFO] OPTIMIZE выполнен: FlightDate=2024-01-18
2026-05-04 13:32:23,174 [INFO] OPTIMIZE выполнен: FlightDate=2024-01-19
2026-05-04 13:32:23,337 [INFO] OPTIMIZE выполнен: FlightDate=2024-01-20
2026-05-04 13:32:23,456 [INFO] OPTIMIZE выполнен: FlightDate=2024-01-21
2026-05-04 13:32:23,585 [INFO] OPTIMIZE выполнен: FlightDate=2024-01-22
2026-05-04 13:32:23,666 [INFO] OPTIMIZE выполнен: FlightDate=2024-01-23
2026-05-04 13:32:23,744 [INFO] OPTIMIZE выполнен: FlightDate=2024-01-24
2026-05-04 13:32:23,897 [INFO] OPTIMIZE выполнен: FlightDate=2024-01-25
2026-05-04 13:32:24,075 [INFO] OPTIMIZE выполнен: FlightDate=2024-01-26
2026-05-04 13:32:24,249 [INFO] OPTIMIZE выполнен: FlightDate=2024-01-27
2026-05-04 13:32:24,401 [INFO] OPTIMIZE выполнен: FlightDate=2024-01-28
2026-05-04 13:32:24,553 [INFO] OPTIMIZE выполнен: FlightDate=2024-01-29
2026-05-04 13:32:24,722 [INFO] OPTIMIZE выполнен: FlightDate=2024-01-30
2026-05-04 13:32:24,885 [INFO] OPTIMIZE выполнен: FlightDate=2024-01-31
2026-05-04 13:32:24,885 [INFO] OPTIMIZE (compaction) выполнен на Silver.
2026-05-04 13:32:25,369 [INFO] Z-ORDER выполнен: FlightDate=2024-01-01
2026-05-04 13:32:25,716 [INFO] Z-ORDER выполнен: FlightDate=2024-01-02
2026-05-04 13:32:26,155 [INFO] Z-ORDER выполнен: FlightDate=2024-01-03
2026-05-04 13:32:26,510 [INFO] Z-ORDER выполнен: FlightDate=2024-01-04
2026-05-04 13:32:26,770 [INFO] Z-ORDER выполнен: FlightDate=2024-01-05
2026-05-04 13:32:27,190 [INFO] Z-ORDER выполнен: FlightDate=2024-01-06
2026-05-04 13:32:27,472 [INFO] Z-ORDER выполнен: FlightDate=2024-01-07
2026-05-04 13:32:27,787 [INFO] Z-ORDER выполнен: FlightDate=2024-01-08
2026-05-04 13:32:28,164 [INFO] Z-ORDER выполнен: FlightDate=2024-01-09
2026-05-04 13:32:28,501 [INFO] Z-ORDER выполнен: FlightDate=2024-01-10
2026-05-04 13:32:28,932 [INFO] Z-ORDER выполнен: FlightDate=2024-01-11
2026-05-04 13:32:29,561 [INFO] Z-ORDER выполнен: FlightDate=2024-01-12
2026-05-04 13:32:29,898 [INFO] Z-ORDER выполнен: FlightDate=2024-01-13
2026-05-04 13:32:30,196 [INFO] Z-ORDER выполнен: FlightDate=2024-01-14
2026-05-04 13:32:30,583 [INFO] Z-ORDER выполнен: FlightDate=2024-01-15
2026-05-04 13:32:30,887 [INFO] Z-ORDER выполнен: FlightDate=2024-01-16
2026-05-04 13:32:31,215 [INFO] Z-ORDER выполнен: FlightDate=2024-01-17
2026-05-04 13:32:31,585 [INFO] Z-ORDER выполнен: FlightDate=2024-01-18
2026-05-04 13:32:31,927 [INFO] Z-ORDER выполнен: FlightDate=2024-01-19
2026-05-04 13:32:32,383 [INFO] Z-ORDER выполнен: FlightDate=2024-01-20
2026-05-04 13:32:32,761 [INFO] Z-ORDER выполнен: FlightDate=2024-01-21
2026-05-04 13:32:33,201 [INFO] Z-ORDER выполнен: FlightDate=2024-01-22
2026-05-04 13:32:33,832 [INFO] Z-ORDER выполнен: FlightDate=2024-01-23
2026-05-04 13:32:34,450 [INFO] Z-ORDER выполнен: FlightDate=2024-01-24
2026-05-04 13:32:34,789 [INFO] Z-ORDER выполнен: FlightDate=2024-01-25
2026-05-04 13:32:35,104 [INFO] Z-ORDER выполнен: FlightDate=2024-01-26
2026-05-04 13:32:35,597 [INFO] Z-ORDER выполнен: FlightDate=2024-01-27
2026-05-04 13:32:36,181 [INFO] Z-ORDER выполнен: FlightDate=2024-01-28
2026-05-04 13:32:36,667 [INFO] Z-ORDER выполнен: FlightDate=2024-01-29
2026-05-04 13:32:36,992 [INFO] Z-ORDER выполнен: FlightDate=2024-01-30
2026-05-04 13:32:37,555 [INFO] Z-ORDER выполнен: FlightDate=2024-01-31
2026-05-04 13:32:37,555 [INFO] Z-ORDER по [Origin, DayOfWeek] выполнен на Silver.
2026-05-04 13:32:37,643 [INFO] VACUUM выполнен на Silver.
2026-05-04 13:32:37,643 [INFO] [Time Travel] Читаем версию 0 таблицы Silver:
2026-05-04 13:32:37,746 [INFO] 
shape: (5, 4)
┌────────────┬────────┬──────┬──────────┐
│ FlightDate ┆ Origin ┆ Dest ┆ ArrDelay │
│ ---        ┆ ---    ┆ ---  ┆ ---      │
│ str        ┆ str    ┆ str  ┆ f64      │
╞════════════╪════════╪══════╪══════════╡
│ 2024-01-01 ┆ FLL    ┆ MSY  ┆ 16.0     │
│ 2024-01-01 ┆ IAD    ┆ ORF  ┆ 54.0     │
│ 2024-01-01 ┆ LBB    ┆ LAS  ┆ -20.0    │
│ 2024-01-01 ┆ MCI    ┆ MCO  ┆ -15.0    │
│ 2024-01-01 ┆ DEN    ┆ RSW  ┆ -26.0    │
└────────────┴────────┴──────┴──────────┘
2026-05-04 13:32:37,747 [INFO] Текущая версия Silver: 61
2026-05-04 13:32:37,747 [INFO] [Schema Evolution] Добавляем колонку is_long_flight в Gold features:
2026-05-04 13:32:38,056 [INFO] Schema evolution выполнен: добавлена колонка is_long_flight.
2026-05-04 13:32:38,057 [INFO] === DELTA OPS: Готово ===
2026-05-04 13:32:38,058 [INFO] DELTA OPS: OK
2026-05-04 13:32:38,058 [INFO] ========================================
2026-05-04 13:32:38,058 [INFO] Запуск шага: ML
2026-05-04 13:32:38,059 [INFO] ========================================
2026-05-04 13:32:38,059 [INFO] === ML: Обучение моделей ===
2026-05-04 13:32:38,127 [INFO] Загружено строк: 557133
2026-05-04 13:32:38,769 [INFO] Версия Gold таблицы: 1
2026-05-04 13:32:41,384 [INFO] [REG] LinearRegression → MAE: 11.03, RMSE: 15.80, R2: 0.894
2026-05-04 13:32:53,532 [INFO] [REG] RandomForestRegressor → MAE: 10.92, RMSE: 15.64, R2: 0.896
2026-05-04 13:32:56,045 [INFO] [REG] LightGBM_Regressor → MAE: 10.69, RMSE: 15.32, R2: 0.900
2026-05-04 13:33:11,742 [INFO] [CLF] LogisticRegression → Accuracy: 0.917, F1: 0.802, ROC-AUC: 0.924
2026-05-04 13:33:17,919 [INFO] [CLF] RandomForestClassifier → Accuracy: 0.918, F1: 0.801, ROC-AUC: 0.931
2026-05-04 13:33:20,792 [INFO] [CLF] LightGBM_Classifier → Accuracy: 0.919, F1: 0.804, ROC-AUC: 0.933
2026-05-04 13:33:21,264 [INFO] Feature Importance (регрессия):
2026-05-04 13:33:21,269 [INFO] 
                    feature  reg_importance
                   DepDelay        0.991794
                   Distance        0.002743
                      route        0.001287
IATA_Code_Marketing_Airline        0.001061
                       hour        0.001051
                       Dest        0.001007
                  DayOfWeek        0.000684
                     Origin        0.000374
                     season        0.000000
                      month        0.000000
2026-05-04 13:33:21,289 [INFO] === ML: Готово ===
2026-05-04 13:33:21,291 [INFO] ML: OK
2026-05-04 13:33:21,292 [INFO] Весь пайплайн завершён успешно!
2026-05-04 14:47:04,051 [INFO] Пайплайн запущен
2026-05-04 14:47:04,052 [INFO] ========================================
2026-05-04 14:47:04,052 [INFO] Запуск шага: BRONZE
2026-05-04 14:47:04,052 [INFO] ========================================
2026-05-04 14:47:04,053 [INFO] === BRONZE: Загрузка CSV в Delta ===
2026-05-04 14:47:05,774 [INFO] Загружено строк: 582425, колонок: 120
2026-05-04 14:47:06,325 [INFO] Записан день: 2024-01-01 | строк: 18338
2026-05-04 14:47:06,826 [INFO] Записан день: 2024-01-02 | строк: 20169
2026-05-04 14:47:07,241 [INFO] Записан день: 2024-01-03 | строк: 19693
2026-05-04 14:47:07,622 [INFO] Записан день: 2024-01-04 | строк: 19202
2026-05-04 14:47:08,137 [INFO] Записан день: 2024-01-05 | строк: 19251
2026-05-04 14:47:08,605 [INFO] Записан день: 2024-01-06 | строк: 18108
2026-05-04 14:47:09,193 [INFO] Записан день: 2024-01-07 | строк: 20021
2026-05-04 14:47:09,707 [INFO] Записан день: 2024-01-08 | строк: 19637
2026-05-04 14:47:10,097 [INFO] Записан день: 2024-01-09 | строк: 17822
2026-05-04 14:47:10,656 [INFO] Записан день: 2024-01-10 | строк: 17893
2026-05-04 14:47:11,279 [INFO] Записан день: 2024-01-11 | строк: 19709
2026-05-04 14:47:11,914 [INFO] Записан день: 2024-01-12 | строк: 19812
2026-05-04 14:47:12,405 [INFO] Записан день: 2024-01-13 | строк: 16501
2026-05-04 14:47:12,921 [INFO] Записан день: 2024-01-14 | строк: 18648
2026-05-04 14:47:13,369 [INFO] Записан день: 2024-01-15 | строк: 19804
2026-05-04 14:47:13,903 [INFO] Записан день: 2024-01-16 | строк: 17574
2026-05-04 14:47:14,634 [INFO] Записан день: 2024-01-17 | строк: 17973
2026-05-04 14:47:15,048 [INFO] Записан день: 2024-01-18 | строк: 19872
2026-05-04 14:47:15,600 [INFO] Записан день: 2024-01-19 | строк: 19912
2026-05-04 14:47:16,061 [INFO] Записан день: 2024-01-20 | строк: 16580
2026-05-04 14:47:16,622 [INFO] Записан день: 2024-01-21 | строк: 19750
2026-05-04 14:47:17,102 [INFO] Записан день: 2024-01-22 | строк: 19739
2026-05-04 14:47:17,697 [INFO] Записан день: 2024-01-23 | строк: 17516
2026-05-04 14:47:18,114 [INFO] Записан день: 2024-01-24 | строк: 17929
2026-05-04 14:47:18,735 [INFO] Записан день: 2024-01-25 | строк: 19891
2026-05-04 14:47:19,236 [INFO] Записан день: 2024-01-26 | строк: 19923
2026-05-04 14:47:19,801 [INFO] Записан день: 2024-01-27 | строк: 16591
2026-05-04 14:47:20,321 [INFO] Записан день: 2024-01-28 | строк: 19822
2026-05-04 14:47:20,940 [INFO] Записан день: 2024-01-29 | строк: 19563
2026-05-04 14:47:21,428 [INFO] Записан день: 2024-01-30 | строк: 17396
2026-05-04 14:47:22,199 [INFO] Записан день: 2024-01-31 | строк: 17786
2026-05-04 14:47:22,377 [INFO] Итого версий Delta: 61
2026-05-04 14:47:22,377 [INFO] === BRONZE: Готово ===
2026-05-04 14:47:22,382 [INFO] BRONZE: OK
2026-05-04 14:47:22,382 [INFO] ========================================
2026-05-04 14:47:22,382 [INFO] Запуск шага: SILVER
2026-05-04 14:47:22,383 [INFO] ========================================
2026-05-04 14:47:22,383 [INFO] === SILVER: Очистка и трансформация ===
2026-05-04 14:47:22,957 [INFO] Строк после очистки: 1114266
2026-05-04 14:47:23,122 [INFO] Строк после дедупликации: 557133
2026-05-04 14:47:25,783 [INFO] MERGE выполнен: date=2024-01-01, строк=18274
2026-05-04 14:47:27,672 [INFO] MERGE выполнен: date=2024-01-02, строк=20084
2026-05-04 14:47:29,469 [INFO] MERGE выполнен: date=2024-01-03, строк=19615
2026-05-04 14:47:31,392 [INFO] MERGE выполнен: date=2024-01-04, строк=19087
2026-05-04 14:47:33,412 [INFO] MERGE выполнен: date=2024-01-05, строк=19198
2026-05-04 14:47:35,400 [INFO] MERGE выполнен: date=2024-01-06, строк=17564
2026-05-04 14:47:37,739 [INFO] MERGE выполнен: date=2024-01-07, строк=19268
2026-05-04 14:47:40,516 [INFO] MERGE выполнен: date=2024-01-08, строк=18665
2026-05-04 14:47:42,546 [INFO] MERGE выполнен: date=2024-01-09, строк=16056
2026-05-04 14:47:44,844 [INFO] MERGE выполнен: date=2024-01-10, строк=17273
2026-05-04 14:47:46,803 [INFO] MERGE выполнен: date=2024-01-11, строк=19163
2026-05-04 14:47:48,615 [INFO] MERGE выполнен: date=2024-01-12, строк=17501
2026-05-04 14:47:50,773 [INFO] MERGE выполнен: date=2024-01-13, строк=15251
2026-05-04 14:47:52,830 [INFO] MERGE выполнен: date=2024-01-14, строк=17032
2026-05-04 14:47:54,839 [INFO] MERGE выполнен: date=2024-01-15, строк=16261
2026-05-04 14:47:56,704 [INFO] MERGE выполнен: date=2024-01-16, строк=15128
2026-05-04 14:47:58,600 [INFO] MERGE выполнен: date=2024-01-17, строк=16842
2026-05-04 14:48:00,620 [INFO] MERGE выполнен: date=2024-01-18, строк=19196
2026-05-04 14:48:02,904 [INFO] MERGE выполнен: date=2024-01-19, строк=18796
2026-05-04 14:48:04,961 [INFO] MERGE выполнен: date=2024-01-20, строк=16201
2026-05-04 14:48:06,895 [INFO] MERGE выполнен: date=2024-01-21, строк=19357
2026-05-04 14:48:08,957 [INFO] MERGE выполнен: date=2024-01-22, строк=18790
2026-05-04 14:48:11,096 [INFO] MERGE выполнен: date=2024-01-23, строк=16856
2026-05-04 14:48:13,067 [INFO] MERGE выполнен: date=2024-01-24, строк=17112
2026-05-04 14:48:15,019 [INFO] MERGE выполнен: date=2024-01-25, строк=18921
2026-05-04 14:48:17,018 [INFO] MERGE выполнен: date=2024-01-26, строк=19419
2026-05-04 14:48:18,938 [INFO] MERGE выполнен: date=2024-01-27, строк=16230
2026-05-04 14:48:20,947 [INFO] MERGE выполнен: date=2024-01-28, строк=19616
2026-05-04 14:48:23,083 [INFO] MERGE выполнен: date=2024-01-29, строк=19396
2026-05-04 14:48:25,243 [INFO] MERGE выполнен: date=2024-01-30, строк=17294
2026-05-04 14:48:27,257 [INFO] MERGE выполнен: date=2024-01-31, строк=17687
2026-05-04 14:48:27,555 [INFO] Версия Silver: 92
2026-05-04 14:48:27,555 [INFO] === SILVER: Готово ===
2026-05-04 14:48:27,557 [INFO] SILVER: OK
2026-05-04 14:48:27,558 [INFO] ========================================
2026-05-04 14:48:27,558 [INFO] Запуск шага: GOLD
2026-05-04 14:48:27,558 [INFO] ========================================
2026-05-04 14:48:27,558 [INFO] === GOLD: Создание витрин ===
2026-05-04 14:48:28,062 [INFO] Аналитика: 43389 строк
2026-05-04 14:48:28,170 [INFO] Витрина analytics записана.
2026-05-04 14:48:28,238 [INFO] Feature table: 557133 строк
2026-05-04 14:48:28,280 [ERROR] GOLD: ОШИБКА — Cannot cast schema, number of fields does not match: 12 vs 13
2026-05-04 14:48:28,284 [ERROR] Traceback (most recent call last):
  File "/app/main.py", line 45, in main
    step_func()  # вызываем функцию шага
    ^^^^^^^^^^^
  File "/app/src/gold.py", line 59, in run_gold
    write_deltalake(GOLD_FEATURES_PATH, feature_df, mode="overwrite")
  File "/usr/local/lib/python3.11/site-packages/deltalake/writer/writer.py", line 131, in write_deltalake
    table._table.write(
_internal.SchemaMismatchError: Cannot cast schema, number of fields does not match: 12 vs 13

2026-05-04 14:49:57,924 [INFO] Пайплайн запущен
2026-05-04 14:49:57,925 [INFO] ========================================
2026-05-04 14:49:57,925 [INFO] Запуск шага: BRONZE
2026-05-04 14:49:57,925 [INFO] ========================================
2026-05-04 14:49:57,926 [INFO] === BRONZE: Загрузка CSV в Delta ===
2026-05-04 14:50:00,447 [INFO] Загружено строк: 582425, колонок: 120
2026-05-04 14:50:00,657 [INFO] Записан день: 2024-01-01 | строк: 18338
2026-05-04 14:50:00,874 [INFO] Записан день: 2024-01-02 | строк: 20169
2026-05-04 14:50:01,072 [INFO] Записан день: 2024-01-03 | строк: 19693
2026-05-04 14:50:01,306 [INFO] Записан день: 2024-01-04 | строк: 19202
2026-05-04 14:50:01,475 [INFO] Записан день: 2024-01-05 | строк: 19251
2026-05-04 14:50:01,670 [INFO] Записан день: 2024-01-06 | строк: 18108
2026-05-04 14:50:01,837 [INFO] Записан день: 2024-01-07 | строк: 20021
2026-05-04 14:50:02,048 [INFO] Записан день: 2024-01-08 | строк: 19637
2026-05-04 14:50:02,332 [INFO] Записан день: 2024-01-09 | строк: 17822
2026-05-04 14:50:02,551 [INFO] Записан день: 2024-01-10 | строк: 17893
2026-05-04 14:50:02,765 [INFO] Записан день: 2024-01-11 | строк: 19709
2026-05-04 14:50:02,996 [INFO] Записан день: 2024-01-12 | строк: 19812
2026-05-04 14:50:03,345 [INFO] Записан день: 2024-01-13 | строк: 16501
2026-05-04 14:50:03,572 [INFO] Записан день: 2024-01-14 | строк: 18648
2026-05-04 14:50:03,792 [INFO] Записан день: 2024-01-15 | строк: 19804
2026-05-04 14:50:03,988 [INFO] Записан день: 2024-01-16 | строк: 17574
2026-05-04 14:50:04,407 [INFO] Записан день: 2024-01-17 | строк: 17973
2026-05-04 14:50:04,637 [INFO] Записан день: 2024-01-18 | строк: 19872
2026-05-04 14:50:04,903 [INFO] Записан день: 2024-01-19 | строк: 19912
2026-05-04 14:50:05,118 [INFO] Записан день: 2024-01-20 | строк: 16580
2026-05-04 14:50:05,448 [INFO] Записан день: 2024-01-21 | строк: 19750
2026-05-04 14:50:05,709 [INFO] Записан день: 2024-01-22 | строк: 19739
2026-05-04 14:50:06,048 [INFO] Записан день: 2024-01-23 | строк: 17516
2026-05-04 14:50:06,400 [INFO] Записан день: 2024-01-24 | строк: 17929
2026-05-04 14:50:06,674 [INFO] Записан день: 2024-01-25 | строк: 19891
2026-05-04 14:50:06,979 [INFO] Записан день: 2024-01-26 | строк: 19923
2026-05-04 14:50:07,477 [INFO] Записан день: 2024-01-27 | строк: 16591
2026-05-04 14:50:07,817 [INFO] Записан день: 2024-01-28 | строк: 19822
2026-05-04 14:50:08,251 [INFO] Записан день: 2024-01-29 | строк: 19563
2026-05-04 14:50:08,643 [INFO] Записан день: 2024-01-30 | строк: 17396
2026-05-04 14:50:09,022 [INFO] Записан день: 2024-01-31 | строк: 17786
2026-05-04 14:50:09,240 [INFO] Итого версий Delta: 30
2026-05-04 14:50:09,240 [INFO] === BRONZE: Готово ===
2026-05-04 14:50:09,247 [INFO] BRONZE: OK
2026-05-04 14:50:09,247 [INFO] ========================================
2026-05-04 14:50:09,247 [INFO] Запуск шага: SILVER
2026-05-04 14:50:09,248 [INFO] ========================================
2026-05-04 14:50:09,249 [INFO] === SILVER: Очистка и трансформация ===
2026-05-04 14:50:09,522 [INFO] Строк после очистки: 557133
2026-05-04 14:50:09,600 [INFO] Строк после дедупликации: 557133
2026-05-04 14:50:09,735 [INFO] Записан день: 2024-01-01, строк=18274
2026-05-04 14:50:09,854 [INFO] Записан день: 2024-01-02, строк=20084
2026-05-04 14:50:09,940 [INFO] Записан день: 2024-01-03, строк=19615
2026-05-04 14:50:10,022 [INFO] Записан день: 2024-01-04, строк=19087
2026-05-04 14:50:10,105 [INFO] Записан день: 2024-01-05, строк=19198
2026-05-04 14:50:10,255 [INFO] Записан день: 2024-01-06, строк=17564
2026-05-04 14:50:10,374 [INFO] Записан день: 2024-01-07, строк=19268
2026-05-04 14:50:10,538 [INFO] Записан день: 2024-01-08, строк=18665
2026-05-04 14:50:10,659 [INFO] Записан день: 2024-01-09, строк=16056
2026-05-04 14:50:10,828 [INFO] Записан день: 2024-01-10, строк=17273
2026-05-04 14:50:10,979 [INFO] Записан день: 2024-01-11, строк=19163
2026-05-04 14:50:11,153 [INFO] Записан день: 2024-01-12, строк=17501
2026-05-04 14:50:11,376 [INFO] Записан день: 2024-01-13, строк=15251
2026-05-04 14:50:11,589 [INFO] Записан день: 2024-01-14, строк=17032
2026-05-04 14:50:11,775 [INFO] Записан день: 2024-01-15, строк=16261
2026-05-04 14:50:12,014 [INFO] Записан день: 2024-01-16, строк=15128
2026-05-04 14:50:12,211 [INFO] Записан день: 2024-01-17, строк=16842
2026-05-04 14:50:12,492 [INFO] Записан день: 2024-01-18, строк=19196
2026-05-04 14:50:12,657 [INFO] Записан день: 2024-01-19, строк=18796
2026-05-04 14:50:12,851 [INFO] Записан день: 2024-01-20, строк=16201
2026-05-04 14:50:13,138 [INFO] Записан день: 2024-01-21, строк=19357
2026-05-04 14:50:13,466 [INFO] Записан день: 2024-01-22, строк=18790
2026-05-04 14:50:13,675 [INFO] Записан день: 2024-01-23, строк=16856
2026-05-04 14:50:13,906 [INFO] Записан день: 2024-01-24, строк=17112
2026-05-04 14:50:14,165 [INFO] Записан день: 2024-01-25, строк=18921
2026-05-04 14:50:14,464 [INFO] Записан день: 2024-01-26, строк=19419
2026-05-04 14:50:14,780 [INFO] Записан день: 2024-01-27, строк=16230
2026-05-04 14:50:15,261 [INFO] Записан день: 2024-01-28, строк=19616
2026-05-04 14:50:15,609 [INFO] Записан день: 2024-01-29, строк=19396
2026-05-04 14:50:16,058 [INFO] Записан день: 2024-01-30, строк=17294
2026-05-04 14:50:16,530 [INFO] Записан день: 2024-01-31, строк=17687
2026-05-04 14:50:16,717 [INFO] Версия Silver: 30
2026-05-04 14:50:16,717 [INFO] === SILVER: Готово ===
2026-05-04 14:50:16,718 [INFO] SILVER: OK
2026-05-04 14:50:16,718 [INFO] ========================================
2026-05-04 14:50:16,719 [INFO] Запуск шага: GOLD
2026-05-04 14:50:16,719 [INFO] ========================================
2026-05-04 14:50:16,720 [INFO] === GOLD: Создание витрин ===
2026-05-04 14:50:16,943 [INFO] Аналитика: 43389 строк
2026-05-04 14:50:17,058 [INFO] Витрина analytics записана.
2026-05-04 14:50:17,102 [INFO] Feature table: 557133 строк
2026-05-04 14:50:17,363 [INFO] Витрина features записана.
2026-05-04 14:50:17,401 [INFO] Версия analytics: 0
2026-05-04 14:50:17,421 [INFO] Версия features: 0
2026-05-04 14:50:17,422 [INFO] === GOLD: Готово ===
2026-05-04 14:50:17,422 [INFO] GOLD: OK
2026-05-04 14:50:17,423 [INFO] ========================================
2026-05-04 14:50:17,423 [INFO] Запуск шага: DELTA OPS
2026-05-04 14:50:17,423 [INFO] ========================================
2026-05-04 14:50:17,423 [INFO] === DELTA OPS: Обслуживание таблиц ===
2026-05-04 14:50:17,771 [INFO] OPTIMIZE выполнен: FlightDate=2024-01-01
2026-05-04 14:50:17,852 [INFO] OPTIMIZE выполнен: FlightDate=2024-01-02
2026-05-04 14:50:17,967 [INFO] OPTIMIZE выполнен: FlightDate=2024-01-03
2026-05-04 14:50:18,074 [INFO] OPTIMIZE выполнен: FlightDate=2024-01-04
2026-05-04 14:50:18,191 [INFO] OPTIMIZE выполнен: FlightDate=2024-01-05
2026-05-04 14:50:18,329 [INFO] OPTIMIZE выполнен: FlightDate=2024-01-06
2026-05-04 14:50:18,521 [INFO] OPTIMIZE выполнен: FlightDate=2024-01-07
2026-05-04 14:50:18,603 [INFO] OPTIMIZE выполнен: FlightDate=2024-01-08
2026-05-04 14:50:18,676 [INFO] OPTIMIZE выполнен: FlightDate=2024-01-09
2026-05-04 14:50:18,735 [INFO] OPTIMIZE выполнен: FlightDate=2024-01-10
2026-05-04 14:50:18,812 [INFO] OPTIMIZE выполнен: FlightDate=2024-01-11
2026-05-04 14:50:18,895 [INFO] OPTIMIZE выполнен: FlightDate=2024-01-12
2026-05-04 14:50:18,980 [INFO] OPTIMIZE выполнен: FlightDate=2024-01-13
2026-05-04 14:50:19,165 [INFO] OPTIMIZE выполнен: FlightDate=2024-01-14
2026-05-04 14:50:19,247 [INFO] OPTIMIZE выполнен: FlightDate=2024-01-15
2026-05-04 14:50:19,323 [INFO] OPTIMIZE выполнен: FlightDate=2024-01-16
2026-05-04 14:50:19,495 [INFO] OPTIMIZE выполнен: FlightDate=2024-01-17
2026-05-04 14:50:19,576 [INFO] OPTIMIZE выполнен: FlightDate=2024-01-18
2026-05-04 14:50:19,670 [INFO] OPTIMIZE выполнен: FlightDate=2024-01-19
2026-05-04 14:50:19,756 [INFO] OPTIMIZE выполнен: FlightDate=2024-01-20
2026-05-04 14:50:19,903 [INFO] OPTIMIZE выполнен: FlightDate=2024-01-21
2026-05-04 14:50:19,995 [INFO] OPTIMIZE выполнен: FlightDate=2024-01-22
2026-05-04 14:50:20,078 [INFO] OPTIMIZE выполнен: FlightDate=2024-01-23
2026-05-04 14:50:20,166 [INFO] OPTIMIZE выполнен: FlightDate=2024-01-24
2026-05-04 14:50:20,245 [INFO] OPTIMIZE выполнен: FlightDate=2024-01-25
2026-05-04 14:50:20,360 [INFO] OPTIMIZE выполнен: FlightDate=2024-01-26
2026-05-04 14:50:20,493 [INFO] OPTIMIZE выполнен: FlightDate=2024-01-27
2026-05-04 14:50:20,576 [INFO] OPTIMIZE выполнен: FlightDate=2024-01-28
2026-05-04 14:50:20,661 [INFO] OPTIMIZE выполнен: FlightDate=2024-01-29
2026-05-04 14:50:20,747 [INFO] OPTIMIZE выполнен: FlightDate=2024-01-30
2026-05-04 14:50:20,828 [INFO] OPTIMIZE выполнен: FlightDate=2024-01-31
2026-05-04 14:50:20,828 [INFO] OPTIMIZE (compaction) выполнен на Silver.
2026-05-04 14:50:21,084 [INFO] Z-ORDER выполнен: FlightDate=2024-01-01
2026-05-04 14:50:21,495 [INFO] Z-ORDER выполнен: FlightDate=2024-01-02
2026-05-04 14:50:21,866 [INFO] Z-ORDER выполнен: FlightDate=2024-01-03
2026-05-04 14:50:22,179 [INFO] Z-ORDER выполнен: FlightDate=2024-01-04
2026-05-04 14:50:22,580 [INFO] Z-ORDER выполнен: FlightDate=2024-01-05
2026-05-04 14:50:22,832 [INFO] Z-ORDER выполнен: FlightDate=2024-01-06
2026-05-04 14:50:23,221 [INFO] Z-ORDER выполнен: FlightDate=2024-01-07
2026-05-04 14:50:23,822 [INFO] Z-ORDER выполнен: FlightDate=2024-01-08
2026-05-04 14:50:24,334 [INFO] Z-ORDER выполнен: FlightDate=2024-01-09
2026-05-04 14:50:24,859 [INFO] Z-ORDER выполнен: FlightDate=2024-01-10
2026-05-04 14:50:25,349 [INFO] Z-ORDER выполнен: FlightDate=2024-01-11
2026-05-04 14:50:25,701 [INFO] Z-ORDER выполнен: FlightDate=2024-01-12
2026-05-04 14:50:26,215 [INFO] Z-ORDER выполнен: FlightDate=2024-01-13
2026-05-04 14:50:26,691 [INFO] Z-ORDER выполнен: FlightDate=2024-01-14
2026-05-04 14:50:27,317 [INFO] Z-ORDER выполнен: FlightDate=2024-01-15
2026-05-04 14:50:27,756 [INFO] Z-ORDER выполнен: FlightDate=2024-01-16
2026-05-04 14:50:28,359 [INFO] Z-ORDER выполнен: FlightDate=2024-01-17
2026-05-04 14:50:28,811 [INFO] Z-ORDER выполнен: FlightDate=2024-01-18
2026-05-04 14:50:29,496 [INFO] Z-ORDER выполнен: FlightDate=2024-01-19
2026-05-04 14:50:30,041 [INFO] Z-ORDER выполнен: FlightDate=2024-01-20
2026-05-04 14:50:30,573 [INFO] Z-ORDER выполнен: FlightDate=2024-01-21
2026-05-04 14:50:30,887 [INFO] Z-ORDER выполнен: FlightDate=2024-01-22
2026-05-04 14:50:31,566 [INFO] Z-ORDER выполнен: FlightDate=2024-01-23
2026-05-04 14:50:32,031 [INFO] Z-ORDER выполнен: FlightDate=2024-01-24
2026-05-04 14:50:32,577 [INFO] Z-ORDER выполнен: FlightDate=2024-01-25
2026-05-04 14:50:33,124 [INFO] Z-ORDER выполнен: FlightDate=2024-01-26
2026-05-04 14:50:33,666 [INFO] Z-ORDER выполнен: FlightDate=2024-01-27
2026-05-04 14:50:34,306 [INFO] Z-ORDER выполнен: FlightDate=2024-01-28
2026-05-04 14:50:34,696 [INFO] Z-ORDER выполнен: FlightDate=2024-01-29
2026-05-04 14:50:35,114 [INFO] Z-ORDER выполнен: FlightDate=2024-01-30
2026-05-04 14:50:35,818 [INFO] Z-ORDER выполнен: FlightDate=2024-01-31
2026-05-04 14:50:35,818 [INFO] Z-ORDER по [Origin, DayOfWeek] выполнен на Silver.
2026-05-04 14:50:35,971 [INFO] VACUUM выполнен на Silver.
2026-05-04 14:50:35,972 [INFO] [Time Travel] Читаем версию 0 таблицы Silver:
2026-05-04 14:50:36,178 [INFO] 
shape: (5, 4)
┌────────────┬────────┬──────┬──────────┐
│ FlightDate ┆ Origin ┆ Dest ┆ ArrDelay │
│ ---        ┆ ---    ┆ ---  ┆ ---      │
│ str        ┆ str    ┆ str  ┆ f64      │
╞════════════╪════════╪══════╪══════════╡
│ 2024-01-01 ┆ LAS    ┆ HOU  ┆ 20.0     │
│ 2024-01-01 ┆ SLC    ┆ GTF  ┆ -16.0    │
│ 2024-01-01 ┆ SFO    ┆ MIA  ┆ -25.0    │
│ 2024-01-01 ┆ PHL    ┆ MCO  ┆ 38.0     │
│ 2024-01-01 ┆ DFW    ┆ IAH  ┆ 3.0      │
└────────────┴────────┴──────┴──────────┘
2026-05-04 14:50:36,178 [INFO] Текущая версия Silver: 61
2026-05-04 14:50:36,179 [INFO] [Schema Evolution] Добавляем колонку is_long_flight в Gold features:
2026-05-04 14:50:36,503 [INFO] Schema evolution выполнен: добавлена колонка is_long_flight.
2026-05-04 14:50:36,504 [INFO] === DELTA OPS: Готово ===
2026-05-04 14:50:36,505 [INFO] DELTA OPS: OK
2026-05-04 14:50:36,505 [INFO] ========================================
2026-05-04 14:50:36,505 [INFO] Запуск шага: ML
2026-05-04 14:50:36,505 [INFO] ========================================
2026-05-04 14:50:36,506 [INFO] === ML: Обучение моделей ===
2026-05-04 14:50:36,566 [INFO] Загружено строк: 557133
2026-05-04 14:50:37,283 [INFO] Версия Gold таблицы: 1
2026-05-04 14:50:40,678 [INFO] [REG] LinearRegression → MAE: 11.05, RMSE: 15.88, R2: 0.891
2026-05-04 14:50:54,145 [INFO] [REG] RandomForestRegressor → MAE: 10.93, RMSE: 15.71, R2: 0.893
2026-05-04 14:50:56,765 [INFO] [REG] LightGBM_Regressor → MAE: 10.69, RMSE: 15.38, R2: 0.898
2026-05-04 14:51:23,439 [INFO] [CLF] LogisticRegression → Accuracy: 0.916, F1: 0.802, ROC-AUC: 0.924
2026-05-04 14:51:29,922 [INFO] [CLF] RandomForestClassifier → Accuracy: 0.917, F1: 0.801, ROC-AUC: 0.931
2026-05-04 14:51:32,862 [INFO] [CLF] LightGBM_Classifier → Accuracy: 0.919, F1: 0.804, ROC-AUC: 0.934
2026-05-04 14:51:33,345 [INFO] Feature Importance (регрессия):
2026-05-04 14:51:33,348 [INFO] 
                    feature  reg_importance
                   DepDelay        0.991762
                   Distance        0.002728
                      route        0.001256
IATA_Code_Marketing_Airline        0.001068
                       Dest        0.001067
                       hour        0.001038
                  DayOfWeek        0.000700
                     Origin        0.000381
                     season        0.000000
                      month        0.000000
2026-05-04 14:51:33,367 [INFO] === ML: Готово ===
2026-05-04 14:51:33,369 [INFO] ML: OK
2026-05-04 14:51:33,369 [INFO] Весь пайплайн завершён успешно!
2026-05-04 16:47:57,265 [INFO] Пайплайн запущен
2026-05-04 16:47:57,265 [INFO] ========================================
2026-05-04 16:47:57,265 [INFO] Запуск шага: BRONZE
2026-05-04 16:47:57,265 [INFO] ========================================
2026-05-04 16:47:57,266 [INFO] === BRONZE: Загрузка CSV в Delta ===
2026-05-04 16:47:59,501 [INFO] Загружено строк: 582425, колонок: 120
2026-05-04 16:47:59,787 [INFO] Записан день: 2024-01-01 | строк: 18338
2026-05-04 16:47:59,965 [INFO] Записан день: 2024-01-02 | строк: 20169
2026-05-04 16:48:00,124 [INFO] Записан день: 2024-01-03 | строк: 19693
2026-05-04 16:48:00,326 [INFO] Записан день: 2024-01-04 | строк: 19202
2026-05-04 16:48:00,535 [INFO] Записан день: 2024-01-05 | строк: 19251
2026-05-04 16:48:00,755 [INFO] Записан день: 2024-01-06 | строк: 18108
2026-05-04 16:48:00,975 [INFO] Записан день: 2024-01-07 | строк: 20021
2026-05-04 16:48:01,209 [INFO] Записан день: 2024-01-08 | строк: 19637
2026-05-04 16:48:01,449 [INFO] Записан день: 2024-01-09 | строк: 17822
2026-05-04 16:48:01,748 [INFO] Записан день: 2024-01-10 | строк: 17893
2026-05-04 16:48:02,045 [INFO] Записан день: 2024-01-11 | строк: 19709
2026-05-04 16:48:02,380 [INFO] Записан день: 2024-01-12 | строк: 19812
2026-05-04 16:48:02,660 [INFO] Записан день: 2024-01-13 | строк: 16501
2026-05-04 16:48:02,991 [INFO] Записан день: 2024-01-14 | строк: 18648
2026-05-04 16:48:03,317 [INFO] Записан день: 2024-01-15 | строк: 19804
2026-05-04 16:48:03,569 [INFO] Записан день: 2024-01-16 | строк: 17574
2026-05-04 16:48:03,769 [INFO] Записан день: 2024-01-17 | строк: 17973
2026-05-04 16:48:04,106 [INFO] Записан день: 2024-01-18 | строк: 19872
2026-05-04 16:48:04,393 [INFO] Записан день: 2024-01-19 | строк: 19912
2026-05-04 16:48:04,709 [INFO] Записан день: 2024-01-20 | строк: 16580
2026-05-04 16:48:05,151 [INFO] Записан день: 2024-01-21 | строк: 19750
2026-05-04 16:48:05,478 [INFO] Записан день: 2024-01-22 | строк: 19739
2026-05-04 16:48:05,818 [INFO] Записан день: 2024-01-23 | строк: 17516
2026-05-04 16:48:06,071 [INFO] Записан день: 2024-01-24 | строк: 17929
2026-05-04 16:48:06,449 [INFO] Записан день: 2024-01-25 | строк: 19891
2026-05-04 16:48:06,792 [INFO] Записан день: 2024-01-26 | строк: 19923
2026-05-04 16:48:07,296 [INFO] Записан день: 2024-01-27 | строк: 16591
2026-05-04 16:48:07,677 [INFO] Записан день: 2024-01-28 | строк: 19822
2026-05-04 16:48:08,003 [INFO] Записан день: 2024-01-29 | строк: 19563
2026-05-04 16:48:08,456 [INFO] Записан день: 2024-01-30 | строк: 17396
2026-05-04 16:48:08,838 [INFO] Записан день: 2024-01-31 | строк: 17786
2026-05-04 16:48:08,946 [INFO] Итого версий Delta: 30
2026-05-04 16:48:08,946 [INFO] === BRONZE: Готово ===
2026-05-04 16:48:08,951 [INFO] BRONZE: OK
2026-05-04 16:48:08,951 [INFO] ========================================
2026-05-04 16:48:08,951 [INFO] Запуск шага: SILVER
2026-05-04 16:48:08,951 [INFO] ========================================
2026-05-04 16:48:08,952 [INFO] === SILVER: Очистка и трансформация ===
2026-05-04 16:48:09,332 [INFO] Строк после очистки: 557133
2026-05-04 16:48:09,406 [INFO] Строк после дедупликации: 557133
2026-05-04 16:48:09,529 [INFO] Записан день: 2024-01-01, строк=18274
2026-05-04 16:48:09,655 [INFO] Записан день: 2024-01-02, строк=20084
2026-05-04 16:48:09,981 [INFO] Записан день: 2024-01-03, строк=19615
2026-05-04 16:48:10,119 [INFO] Записан день: 2024-01-04, строк=19087
2026-05-04 16:48:10,252 [INFO] Записан день: 2024-01-05, строк=19198
2026-05-04 16:48:10,404 [INFO] Записан день: 2024-01-06, строк=17564
2026-05-04 16:48:10,564 [INFO] Записан день: 2024-01-07, строк=19268
2026-05-04 16:48:10,746 [INFO] Записан день: 2024-01-08, строк=18665
2026-05-04 16:48:10,948 [INFO] Записан день: 2024-01-09, строк=16056
2026-05-04 16:48:11,192 [INFO] Записан день: 2024-01-10, строк=17273
2026-05-04 16:48:11,472 [INFO] Записан день: 2024-01-11, строк=19163
2026-05-04 16:48:11,790 [INFO] Записан день: 2024-01-12, строк=17501
2026-05-04 16:48:12,097 [INFO] Записан день: 2024-01-13, строк=15251
2026-05-04 16:48:12,328 [INFO] Записан день: 2024-01-14, строк=17032
2026-05-04 16:48:12,582 [INFO] Записан день: 2024-01-15, строк=16261
2026-05-04 16:48:12,981 [INFO] Записан день: 2024-01-16, строк=15128
2026-05-04 16:48:13,338 [INFO] Записан день: 2024-01-17, строк=16842
2026-05-04 16:48:13,563 [INFO] Записан день: 2024-01-18, строк=19196
2026-05-04 16:48:13,835 [INFO] Записан день: 2024-01-19, строк=18796
2026-05-04 16:48:14,015 [INFO] Записан день: 2024-01-20, строк=16201
2026-05-04 16:48:14,313 [INFO] Записан день: 2024-01-21, строк=19357
2026-05-04 16:48:14,639 [INFO] Записан день: 2024-01-22, строк=18790
2026-05-04 16:48:15,322 [INFO] Записан день: 2024-01-23, строк=16856
2026-05-04 16:48:15,552 [INFO] Записан день: 2024-01-24, строк=17112
2026-05-04 16:48:15,783 [INFO] Записан день: 2024-01-25, строк=18921
2026-05-04 16:48:16,008 [INFO] Записан день: 2024-01-26, строк=19419
2026-05-04 16:48:16,382 [INFO] Записан день: 2024-01-27, строк=16230
2026-05-04 16:48:16,681 [INFO] Записан день: 2024-01-28, строк=19616
2026-05-04 16:48:16,973 [INFO] Записан день: 2024-01-29, строк=19396
2026-05-04 16:48:17,440 [INFO] Записан день: 2024-01-30, строк=17294
2026-05-04 16:48:17,742 [INFO] Записан день: 2024-01-31, строк=17687
2026-05-04 16:48:17,838 [INFO] Версия Silver: 30
2026-05-04 16:48:17,838 [INFO] === SILVER: Готово ===
2026-05-04 16:48:17,839 [INFO] SILVER: OK
2026-05-04 16:48:17,840 [INFO] ========================================
2026-05-04 16:48:17,841 [INFO] Запуск шага: GOLD
2026-05-04 16:48:17,842 [INFO] ========================================
2026-05-04 16:48:17,843 [INFO] === GOLD: Создание витрин ===
2026-05-04 16:48:18,124 [INFO] Аналитика: 43389 строк
2026-05-04 16:48:18,317 [INFO] Витрина analytics записана.
2026-05-04 16:48:18,385 [INFO] Feature table: 557133 строк
2026-05-04 16:48:18,667 [INFO] Витрина features записана.
2026-05-04 16:48:18,700 [INFO] Версия analytics: 0
2026-05-04 16:48:18,736 [INFO] Версия features: 0
2026-05-04 16:48:18,737 [INFO] === GOLD: Готово ===
2026-05-04 16:48:18,738 [INFO] GOLD: OK
2026-05-04 16:48:18,738 [INFO] ========================================
2026-05-04 16:48:18,738 [INFO] Запуск шага: DELTA OPS
2026-05-04 16:48:18,738 [INFO] ========================================
2026-05-04 16:48:18,739 [INFO] === DELTA OPS: Обслуживание таблиц ===
2026-05-04 16:48:19,284 [INFO] OPTIMIZE выполнен: FlightDate=2024-01-01
2026-05-04 16:48:19,497 [INFO] OPTIMIZE выполнен: FlightDate=2024-01-02
2026-05-04 16:48:19,679 [INFO] OPTIMIZE выполнен: FlightDate=2024-01-03
2026-05-04 16:48:19,838 [INFO] OPTIMIZE выполнен: FlightDate=2024-01-04
2026-05-04 16:48:20,041 [INFO] OPTIMIZE выполнен: FlightDate=2024-01-05
2026-05-04 16:48:20,229 [INFO] OPTIMIZE выполнен: FlightDate=2024-01-06
2026-05-04 16:48:20,454 [INFO] OPTIMIZE выполнен: FlightDate=2024-01-07
2026-05-04 16:48:20,701 [INFO] OPTIMIZE выполнен: FlightDate=2024-01-08
2026-05-04 16:48:20,923 [INFO] OPTIMIZE выполнен: FlightDate=2024-01-09
2026-05-04 16:48:21,023 [INFO] OPTIMIZE выполнен: FlightDate=2024-01-10
2026-05-04 16:48:21,108 [INFO] OPTIMIZE выполнен: FlightDate=2024-01-11
2026-05-04 16:48:21,277 [INFO] OPTIMIZE выполнен: FlightDate=2024-01-12
2026-05-04 16:48:21,455 [INFO] OPTIMIZE выполнен: FlightDate=2024-01-13
2026-05-04 16:48:21,619 [INFO] OPTIMIZE выполнен: FlightDate=2024-01-14
2026-05-04 16:48:21,776 [INFO] OPTIMIZE выполнен: FlightDate=2024-01-15
2026-05-04 16:48:21,938 [INFO] OPTIMIZE выполнен: FlightDate=2024-01-16
2026-05-04 16:48:22,174 [INFO] OPTIMIZE выполнен: FlightDate=2024-01-17
2026-05-04 16:48:22,344 [INFO] OPTIMIZE выполнен: FlightDate=2024-01-18
2026-05-04 16:48:22,476 [INFO] OPTIMIZE выполнен: FlightDate=2024-01-19
2026-05-04 16:48:22,663 [INFO] OPTIMIZE выполнен: FlightDate=2024-01-20
2026-05-04 16:48:22,753 [INFO] OPTIMIZE выполнен: FlightDate=2024-01-21
2026-05-04 16:48:22,848 [INFO] OPTIMIZE выполнен: FlightDate=2024-01-22
2026-05-04 16:48:23,005 [INFO] OPTIMIZE выполнен: FlightDate=2024-01-23
2026-05-04 16:48:23,167 [INFO] OPTIMIZE выполнен: FlightDate=2024-01-24
2026-05-04 16:48:23,299 [INFO] OPTIMIZE выполнен: FlightDate=2024-01-25
2026-05-04 16:48:23,481 [INFO] OPTIMIZE выполнен: FlightDate=2024-01-26
2026-05-04 16:48:23,646 [INFO] OPTIMIZE выполнен: FlightDate=2024-01-27
2026-05-04 16:48:23,785 [INFO] OPTIMIZE выполнен: FlightDate=2024-01-28
2026-05-04 16:48:23,886 [INFO] OPTIMIZE выполнен: FlightDate=2024-01-29
2026-05-04 16:48:23,975 [INFO] OPTIMIZE выполнен: FlightDate=2024-01-30
2026-05-04 16:48:24,131 [INFO] OPTIMIZE выполнен: FlightDate=2024-01-31
2026-05-04 16:48:24,131 [INFO] OPTIMIZE (compaction) выполнен на Silver.
2026-05-04 16:48:24,631 [INFO] Z-ORDER выполнен: FlightDate=2024-01-01
2026-05-04 16:48:25,138 [INFO] Z-ORDER выполнен: FlightDate=2024-01-02
2026-05-04 16:48:25,444 [INFO] Z-ORDER выполнен: FlightDate=2024-01-03
2026-05-04 16:48:25,754 [INFO] Z-ORDER выполнен: FlightDate=2024-01-04
2026-05-04 16:48:26,007 [INFO] Z-ORDER выполнен: FlightDate=2024-01-05
2026-05-04 16:48:26,393 [INFO] Z-ORDER выполнен: FlightDate=2024-01-06
2026-05-04 16:48:26,656 [INFO] Z-ORDER выполнен: FlightDate=2024-01-07
2026-05-04 16:48:26,965 [INFO] Z-ORDER выполнен: FlightDate=2024-01-08
2026-05-04 16:48:27,500 [INFO] Z-ORDER выполнен: FlightDate=2024-01-09
2026-05-04 16:48:27,961 [INFO] Z-ORDER выполнен: FlightDate=2024-01-10
2026-05-04 16:48:28,412 [INFO] Z-ORDER выполнен: FlightDate=2024-01-11
2026-05-04 16:48:29,131 [INFO] Z-ORDER выполнен: FlightDate=2024-01-12
2026-05-04 16:48:29,651 [INFO] Z-ORDER выполнен: FlightDate=2024-01-13
2026-05-04 16:48:30,037 [INFO] Z-ORDER выполнен: FlightDate=2024-01-14
2026-05-04 16:48:30,492 [INFO] Z-ORDER выполнен: FlightDate=2024-01-15
2026-05-04 16:48:30,948 [INFO] Z-ORDER выполнен: FlightDate=2024-01-16
2026-05-04 16:48:31,428 [INFO] Z-ORDER выполнен: FlightDate=2024-01-17
2026-05-04 16:48:31,807 [INFO] Z-ORDER выполнен: FlightDate=2024-01-18
2026-05-04 16:48:32,151 [INFO] Z-ORDER выполнен: FlightDate=2024-01-19
2026-05-04 16:48:32,605 [INFO] Z-ORDER выполнен: FlightDate=2024-01-20
2026-05-04 16:48:33,064 [INFO] Z-ORDER выполнен: FlightDate=2024-01-21
2026-05-04 16:48:33,550 [INFO] Z-ORDER выполнен: FlightDate=2024-01-22
2026-05-04 16:48:33,954 [INFO] Z-ORDER выполнен: FlightDate=2024-01-23
2026-05-04 16:48:34,655 [INFO] Z-ORDER выполнен: FlightDate=2024-01-24
2026-05-04 16:48:35,267 [INFO] Z-ORDER выполнен: FlightDate=2024-01-25
2026-05-04 16:48:35,818 [INFO] Z-ORDER выполнен: FlightDate=2024-01-26
2026-05-04 16:48:36,486 [INFO] Z-ORDER выполнен: FlightDate=2024-01-27
2026-05-04 16:48:36,866 [INFO] Z-ORDER выполнен: FlightDate=2024-01-28
2026-05-04 16:48:37,641 [INFO] Z-ORDER выполнен: FlightDate=2024-01-29
2026-05-04 16:48:38,354 [INFO] Z-ORDER выполнен: FlightDate=2024-01-30
2026-05-04 16:48:39,182 [INFO] Z-ORDER выполнен: FlightDate=2024-01-31
2026-05-04 16:48:39,182 [INFO] Z-ORDER по [Origin, DayOfWeek] выполнен на Silver.
2026-05-04 16:48:39,312 [INFO] VACUUM выполнен на Silver.
2026-05-04 16:48:39,312 [INFO] [Time Travel] Читаем версию 0 таблицы Silver:
2026-05-04 16:48:39,508 [INFO] 
shape: (5, 4)
┌────────────┬────────┬──────┬──────────┐
│ FlightDate ┆ Origin ┆ Dest ┆ ArrDelay │
│ ---        ┆ ---    ┆ ---  ┆ ---      │
│ str        ┆ str    ┆ str  ┆ f64      │
╞════════════╪════════╪══════╪══════════╡
│ 2024-01-01 ┆ ATL    ┆ SAT  ┆ -24.0    │
│ 2024-01-01 ┆ SFO    ┆ DEN  ┆ -10.0    │
│ 2024-01-01 ┆ ALB    ┆ EWR  ┆ -32.0    │
│ 2024-01-01 ┆ RDU    ┆ DEN  ┆ -28.0    │
│ 2024-01-01 ┆ CLT    ┆ RSW  ┆ -18.0    │
└────────────┴────────┴──────┴──────────┘
2026-05-04 16:48:39,509 [INFO] Текущая версия Silver: 61
2026-05-04 16:48:39,509 [INFO] [Schema Evolution] Добавляем колонку is_long_flight в Gold features:
2026-05-04 16:48:39,862 [INFO] Schema evolution выполнен: добавлена колонка is_long_flight.
2026-05-04 16:48:39,863 [INFO] === DELTA OPS: Готово ===
2026-05-04 16:48:39,865 [INFO] DELTA OPS: OK
2026-05-04 16:48:39,865 [INFO] ========================================
2026-05-04 16:48:39,865 [INFO] Запуск шага: ML
2026-05-04 16:48:39,866 [INFO] ========================================
2026-05-04 16:48:39,866 [INFO] === ML: Обучение моделей ===
2026-05-04 16:48:39,938 [INFO] Загружено строк: 557133
2026-05-04 16:48:40,639 [INFO] Версия Gold таблицы: 1
2026-05-04 16:48:43,368 [INFO] [REG] LinearRegression → MAE: 10.99, RMSE: 15.81, R2: 0.892
2026-05-04 16:48:56,862 [INFO] [REG] RandomForestRegressor → MAE: 10.88, RMSE: 15.65, R2: 0.894
2026-05-04 16:48:59,549 [INFO] [REG] LightGBM_Regressor → MAE: 10.64, RMSE: 15.32, R2: 0.898
2026-05-04 16:49:16,094 [INFO] [CLF] LogisticRegression → Accuracy: 0.917, F1: 0.802, ROC-AUC: 0.925
2026-05-04 16:49:22,541 [INFO] [CLF] RandomForestClassifier → Accuracy: 0.918, F1: 0.802, ROC-AUC: 0.932
2026-05-04 16:49:25,581 [INFO] [CLF] LightGBM_Classifier → Accuracy: 0.919, F1: 0.805, ROC-AUC: 0.935
2026-05-04 16:49:26,029 [INFO] Feature Importance (регрессия):
2026-05-04 16:49:26,032 [INFO] 
                    feature  reg_importance
                   DepDelay        0.991910
                   Distance        0.002730
                      route        0.001274
IATA_Code_Marketing_Airline        0.001094
                       hour        0.001012
                       Dest        0.000945
                  DayOfWeek        0.000637
                     Origin        0.000397
                     season        0.000000
                      month        0.000000
2026-05-04 16:49:26,049 [INFO] === ML: Готово ===
2026-05-04 16:49:26,052 [INFO] ML: OK
2026-05-04 16:49:26,052 [INFO] Весь пайплайн завершён успешно!
2026-05-04 19:43:57,174 [INFO] Пайплайн запущен
2026-05-04 19:43:57,175 [INFO] ========================================
2026-05-04 19:43:57,175 [INFO] Запуск шага: BRONZE
2026-05-04 19:43:57,176 [INFO] ========================================
2026-05-04 19:43:57,176 [INFO] === BRONZE: Загрузка CSV в Delta ===
2026-05-04 19:43:59,558 [INFO] Загружено строк: 582425, колонок: 120
2026-05-04 19:44:00,382 [INFO] Записан день: 2024-01-01 | строк: 18338
2026-05-04 19:44:00,992 [INFO] Записан день: 2024-01-02 | строк: 20169
2026-05-04 19:44:01,636 [INFO] Записан день: 2024-01-03 | строк: 19693
2026-05-04 19:44:02,252 [INFO] Записан день: 2024-01-04 | строк: 19202
2026-05-04 19:44:02,742 [INFO] Записан день: 2024-01-05 | строк: 19251
2026-05-04 19:44:03,139 [INFO] Записан день: 2024-01-06 | строк: 18108
2026-05-04 19:44:03,578 [INFO] Записан день: 2024-01-07 | строк: 20021
2026-05-04 19:44:04,069 [INFO] Записан день: 2024-01-08 | строк: 19637
2026-05-04 19:44:04,513 [INFO] Записан день: 2024-01-09 | строк: 17822
2026-05-04 19:44:04,955 [INFO] Записан день: 2024-01-10 | строк: 17893
2026-05-04 19:44:05,497 [INFO] Записан день: 2024-01-11 | строк: 19709
2026-05-04 19:44:05,960 [INFO] Записан день: 2024-01-12 | строк: 19812
2026-05-04 19:44:06,397 [INFO] Записан день: 2024-01-13 | строк: 16501
2026-05-04 19:44:06,980 [INFO] Записан день: 2024-01-14 | строк: 18648
2026-05-04 19:44:07,642 [INFO] Записан день: 2024-01-15 | строк: 19804
2026-05-04 19:44:08,133 [INFO] Записан день: 2024-01-16 | строк: 17574
2026-05-04 19:44:08,575 [INFO] Записан день: 2024-01-17 | строк: 17973
2026-05-04 19:44:09,100 [INFO] Записан день: 2024-01-18 | строк: 19872
2026-05-04 19:44:09,638 [INFO] Записан день: 2024-01-19 | строк: 19912
2026-05-04 19:44:10,289 [INFO] Записан день: 2024-01-20 | строк: 16580
2026-05-04 19:44:10,771 [INFO] Записан день: 2024-01-21 | строк: 19750
2026-05-04 19:44:11,255 [INFO] Записан день: 2024-01-22 | строк: 19739
2026-05-04 19:44:11,991 [INFO] Записан день: 2024-01-23 | строк: 17516
2026-05-04 19:44:12,549 [INFO] Записан день: 2024-01-24 | строк: 17929
2026-05-04 19:44:13,098 [INFO] Записан день: 2024-01-25 | строк: 19891
2026-05-04 19:44:13,663 [INFO] Записан день: 2024-01-26 | строк: 19923
2026-05-04 19:44:14,537 [INFO] Записан день: 2024-01-27 | строк: 16591
2026-05-04 19:44:15,541 [INFO] Записан день: 2024-01-28 | строк: 19822
2026-05-04 19:44:16,500 [INFO] Записан день: 2024-01-29 | строк: 19563
2026-05-04 19:44:17,416 [INFO] Записан день: 2024-01-30 | строк: 17396
2026-05-04 19:44:18,126 [INFO] Записан день: 2024-01-31 | строк: 17786
2026-05-04 19:44:18,429 [INFO] Итого версий Delta: 61
2026-05-04 19:44:18,429 [INFO] === BRONZE: Готово ===
2026-05-04 19:44:18,435 [INFO] BRONZE: OK
2026-05-04 19:44:18,438 [INFO] ========================================
2026-05-04 19:44:18,438 [INFO] Запуск шага: SILVER
2026-05-04 19:44:18,439 [INFO] ========================================
2026-05-04 19:44:18,439 [INFO] === SILVER: Очистка и трансформация ===
2026-05-04 19:44:18,887 [INFO] Строк после очистки: 1114266
2026-05-04 19:44:19,025 [INFO] Строк после дедупликации: 557133
2026-05-04 19:44:21,997 [INFO] MERGE выполнен: date=2024-01-01, строк=18274
2026-05-04 19:44:24,513 [INFO] MERGE выполнен: date=2024-01-02, строк=20084
2026-05-04 19:44:26,769 [INFO] MERGE выполнен: date=2024-01-03, строк=19615
2026-05-04 19:44:29,204 [INFO] MERGE выполнен: date=2024-01-04, строк=19087
2026-05-04 19:44:31,572 [INFO] MERGE выполнен: date=2024-01-05, строк=19198
2026-05-04 19:44:33,867 [INFO] MERGE выполнен: date=2024-01-06, строк=17564
2026-05-04 19:44:36,134 [INFO] MERGE выполнен: date=2024-01-07, строк=19268
2026-05-04 19:44:38,149 [INFO] MERGE выполнен: date=2024-01-08, строк=18665
2026-05-04 19:44:40,222 [INFO] MERGE выполнен: date=2024-01-09, строк=16056
2026-05-04 19:44:42,496 [INFO] MERGE выполнен: date=2024-01-10, строк=17273
2026-05-04 19:44:44,821 [INFO] MERGE выполнен: date=2024-01-11, строк=19163
2026-05-04 19:44:46,962 [INFO] MERGE выполнен: date=2024-01-12, строк=17501
2026-05-04 19:44:49,185 [INFO] MERGE выполнен: date=2024-01-13, строк=15251
2026-05-04 19:44:51,336 [INFO] MERGE выполнен: date=2024-01-14, строк=17032
2026-05-04 19:44:53,840 [INFO] MERGE выполнен: date=2024-01-15, строк=16261
2026-05-04 19:44:55,933 [INFO] MERGE выполнен: date=2024-01-16, строк=15128
2026-05-04 19:44:57,996 [INFO] MERGE выполнен: date=2024-01-17, строк=16842
2026-05-04 19:45:00,197 [INFO] MERGE выполнен: date=2024-01-18, строк=19196
2026-05-04 19:45:02,508 [INFO] MERGE выполнен: date=2024-01-19, строк=18796
2026-05-04 19:45:05,150 [INFO] MERGE выполнен: date=2024-01-20, строк=16201
2026-05-04 19:45:07,838 [INFO] MERGE выполнен: date=2024-01-21, строк=19357
2026-05-04 19:45:10,111 [INFO] MERGE выполнен: date=2024-01-22, строк=18790
2026-05-04 19:45:12,088 [INFO] MERGE выполнен: date=2024-01-23, строк=16856
2026-05-04 19:45:14,175 [INFO] MERGE выполнен: date=2024-01-24, строк=17112
2026-05-04 19:45:16,147 [INFO] MERGE выполнен: date=2024-01-25, строк=18921
2026-05-04 19:45:18,266 [INFO] MERGE выполнен: date=2024-01-26, строк=19419
2026-05-04 19:45:20,425 [INFO] MERGE выполнен: date=2024-01-27, строк=16230
2026-05-04 19:45:22,546 [INFO] MERGE выполнен: date=2024-01-28, строк=19616
2026-05-04 19:45:24,759 [INFO] MERGE выполнен: date=2024-01-29, строк=19396
2026-05-04 19:45:26,858 [INFO] MERGE выполнен: date=2024-01-30, строк=17294
2026-05-04 19:45:29,219 [INFO] MERGE выполнен: date=2024-01-31, строк=17687
2026-05-04 19:45:29,584 [INFO] Версия Silver: 92
2026-05-04 19:45:29,584 [INFO] === SILVER: Готово ===
2026-05-04 19:45:29,587 [INFO] SILVER: OK
2026-05-04 19:45:29,587 [INFO] ========================================
2026-05-04 19:45:29,588 [INFO] Запуск шага: GOLD
2026-05-04 19:45:29,588 [INFO] ========================================
2026-05-04 19:45:29,589 [INFO] === GOLD: Создание витрин ===
2026-05-04 19:45:30,184 [INFO] Аналитика: 43389 строк
2026-05-04 19:45:30,329 [INFO] Витрина analytics записана.
2026-05-04 19:45:30,413 [INFO] Feature table: 557133 строк
2026-05-04 19:45:30,452 [ERROR] GOLD: ОШИБКА — Cannot cast schema, number of fields does not match: 12 vs 13
2026-05-04 19:45:30,455 [ERROR] Traceback (most recent call last):
  File "/app/main.py", line 45, in main
    step_func()  # вызываем функцию шага
    ^^^^^^^^^^^
  File "/app/src/gold.py", line 59, in run_gold
    write_deltalake(GOLD_FEATURES_PATH, feature_df, mode="overwrite")
  File "/usr/local/lib/python3.11/site-packages/deltalake/writer/writer.py", line 131, in write_deltalake
    table._table.write(
_internal.SchemaMismatchError: Cannot cast schema, number of fields does not match: 12 vs 13

2026-05-04 19:46:51,513 [INFO] Пайплайн запущен
2026-05-04 19:46:51,514 [INFO] ========================================
2026-05-04 19:46:51,514 [INFO] Запуск шага: BRONZE
2026-05-04 19:46:51,514 [INFO] ========================================
2026-05-04 19:46:51,515 [INFO] === BRONZE: Загрузка CSV в Delta ===
2026-05-04 19:46:53,529 [INFO] Загружено строк: 582425, колонок: 120
2026-05-04 19:46:53,668 [INFO] Записан день: 2024-01-01 | строк: 18338
2026-05-04 19:46:53,840 [INFO] Записан день: 2024-01-02 | строк: 20169
2026-05-04 19:46:53,975 [INFO] Записан день: 2024-01-03 | строк: 19693
2026-05-04 19:46:54,123 [INFO] Записан день: 2024-01-04 | строк: 19202
2026-05-04 19:46:54,304 [INFO] Записан день: 2024-01-05 | строк: 19251
2026-05-04 19:46:54,491 [INFO] Записан день: 2024-01-06 | строк: 18108
2026-05-04 19:46:54,701 [INFO] Записан день: 2024-01-07 | строк: 20021
2026-05-04 19:46:54,919 [INFO] Записан день: 2024-01-08 | строк: 19637
2026-05-04 19:46:55,130 [INFO] Записан день: 2024-01-09 | строк: 17822
2026-05-04 19:46:55,410 [INFO] Записан день: 2024-01-10 | строк: 17893
2026-05-04 19:46:55,718 [INFO] Записан день: 2024-01-11 | строк: 19709
2026-05-04 19:46:55,940 [INFO] Записан день: 2024-01-12 | строк: 19812
2026-05-04 19:46:56,170 [INFO] Записан день: 2024-01-13 | строк: 16501
2026-05-04 19:46:56,460 [INFO] Записан день: 2024-01-14 | строк: 18648
2026-05-04 19:46:56,737 [INFO] Записан день: 2024-01-15 | строк: 19804
2026-05-04 19:46:56,998 [INFO] Записан день: 2024-01-16 | строк: 17574
2026-05-04 19:46:57,339 [INFO] Записан день: 2024-01-17 | строк: 17973
2026-05-04 19:46:57,628 [INFO] Записан день: 2024-01-18 | строк: 19872
2026-05-04 19:46:57,967 [INFO] Записан день: 2024-01-19 | строк: 19912
2026-05-04 19:46:58,454 [INFO] Записан день: 2024-01-20 | строк: 16580
2026-05-04 19:46:58,824 [INFO] Записан день: 2024-01-21 | строк: 19750
2026-05-04 19:46:59,263 [INFO] Записан день: 2024-01-22 | строк: 19739
2026-05-04 19:46:59,812 [INFO] Записан день: 2024-01-23 | строк: 17516
2026-05-04 19:47:00,261 [INFO] Записан день: 2024-01-24 | строк: 17929
2026-05-04 19:47:00,627 [INFO] Записан день: 2024-01-25 | строк: 19891
2026-05-04 19:47:00,927 [INFO] Записан день: 2024-01-26 | строк: 19923
2026-05-04 19:47:01,389 [INFO] Записан день: 2024-01-27 | строк: 16591
2026-05-04 19:47:01,716 [INFO] Записан день: 2024-01-28 | строк: 19822
2026-05-04 19:47:02,209 [INFO] Записан день: 2024-01-29 | строк: 19563
2026-05-04 19:47:02,687 [INFO] Записан день: 2024-01-30 | строк: 17396
2026-05-04 19:47:03,069 [INFO] Записан день: 2024-01-31 | строк: 17786
2026-05-04 19:47:03,297 [INFO] Итого версий Delta: 30
2026-05-04 19:47:03,298 [INFO] === BRONZE: Готово ===
2026-05-04 19:47:03,303 [INFO] BRONZE: OK
2026-05-04 19:47:03,303 [INFO] ========================================
2026-05-04 19:47:03,303 [INFO] Запуск шага: SILVER
2026-05-04 19:47:03,304 [INFO] ========================================
2026-05-04 19:47:03,305 [INFO] === SILVER: Очистка и трансформация ===
2026-05-04 19:47:03,624 [INFO] Строк после очистки: 557133
2026-05-04 19:47:03,704 [INFO] Строк после дедупликации: 557133
2026-05-04 19:47:03,840 [INFO] Записан день: 2024-01-01, строк=18274
2026-05-04 19:47:03,979 [INFO] Записан день: 2024-01-02, строк=20084
2026-05-04 19:47:04,135 [INFO] Записан день: 2024-01-03, строк=19615
2026-05-04 19:47:04,266 [INFO] Записан день: 2024-01-04, строк=19087
2026-05-04 19:47:04,411 [INFO] Записан день: 2024-01-05, строк=19198
2026-05-04 19:47:04,560 [INFO] Записан день: 2024-01-06, строк=17564
2026-05-04 19:47:04,695 [INFO] Записан день: 2024-01-07, строк=19268
2026-05-04 19:47:04,869 [INFO] Записан день: 2024-01-08, строк=18665
2026-05-04 19:47:05,029 [INFO] Записан день: 2024-01-09, строк=16056
2026-05-04 19:47:05,218 [INFO] Записан день: 2024-01-10, строк=17273
2026-05-04 19:47:05,505 [INFO] Записан день: 2024-01-11, строк=19163
2026-05-04 19:47:05,815 [INFO] Записан день: 2024-01-12, строк=17501
2026-05-04 19:47:05,939 [INFO] Записан день: 2024-01-13, строк=15251
2026-05-04 19:47:06,132 [INFO] Записан день: 2024-01-14, строк=17032
2026-05-04 19:47:06,326 [INFO] Записан день: 2024-01-15, строк=16261
2026-05-04 19:47:06,582 [INFO] Записан день: 2024-01-16, строк=15128
2026-05-04 19:47:06,741 [INFO] Записан день: 2024-01-17, строк=16842
2026-05-04 19:47:06,932 [INFO] Записан день: 2024-01-18, строк=19196
2026-05-04 19:47:07,124 [INFO] Записан день: 2024-01-19, строк=18796
2026-05-04 19:47:07,486 [INFO] Записан день: 2024-01-20, строк=16201
2026-05-04 19:47:07,754 [INFO] Записан день: 2024-01-21, строк=19357
2026-05-04 19:47:08,012 [INFO] Записан день: 2024-01-22, строк=18790
2026-05-04 19:47:08,208 [INFO] Записан день: 2024-01-23, строк=16856
2026-05-04 19:47:08,512 [INFO] Записан день: 2024-01-24, строк=17112
2026-05-04 19:47:08,804 [INFO] Записан день: 2024-01-25, строк=18921
2026-05-04 19:47:09,129 [INFO] Записан день: 2024-01-26, строк=19419
2026-05-04 19:47:09,482 [INFO] Записан день: 2024-01-27, строк=16230
2026-05-04 19:47:09,904 [INFO] Записан день: 2024-01-28, строк=19616
2026-05-04 19:47:10,161 [INFO] Записан день: 2024-01-29, строк=19396
2026-05-04 19:47:10,537 [INFO] Записан день: 2024-01-30, строк=17294
2026-05-04 19:47:11,034 [INFO] Записан день: 2024-01-31, строк=17687
2026-05-04 19:47:11,193 [INFO] Версия Silver: 30
2026-05-04 19:47:11,194 [INFO] === SILVER: Готово ===
2026-05-04 19:47:11,195 [INFO] SILVER: OK
2026-05-04 19:47:11,195 [INFO] ========================================
2026-05-04 19:47:11,195 [INFO] Запуск шага: GOLD
2026-05-04 19:47:11,196 [INFO] ========================================
2026-05-04 19:47:11,196 [INFO] === GOLD: Создание витрин ===
2026-05-04 19:47:11,546 [INFO] Аналитика: 43389 строк
2026-05-04 19:47:11,679 [INFO] Витрина analytics записана.
2026-05-04 19:47:11,763 [INFO] Feature table: 557133 строк
2026-05-04 19:47:12,035 [INFO] Витрина features записана.
2026-05-04 19:47:12,066 [INFO] Версия analytics: 0
2026-05-04 19:47:12,096 [INFO] Версия features: 0
2026-05-04 19:47:12,096 [INFO] === GOLD: Готово ===
2026-05-04 19:47:12,098 [INFO] GOLD: OK
2026-05-04 19:47:12,098 [INFO] ========================================
2026-05-04 19:47:12,098 [INFO] Запуск шага: DELTA OPS
2026-05-04 19:47:12,098 [INFO] ========================================
2026-05-04 19:47:12,099 [INFO] === DELTA OPS: Обслуживание таблиц ===
2026-05-04 19:47:12,813 [INFO] OPTIMIZE выполнен: FlightDate=2024-01-01
2026-05-04 19:47:13,105 [INFO] OPTIMIZE выполнен: FlightDate=2024-01-02
2026-05-04 19:47:13,494 [INFO] OPTIMIZE выполнен: FlightDate=2024-01-03
2026-05-04 19:47:13,704 [INFO] OPTIMIZE выполнен: FlightDate=2024-01-04
2026-05-04 19:47:13,951 [INFO] OPTIMIZE выполнен: FlightDate=2024-01-05
2026-05-04 19:47:14,304 [INFO] OPTIMIZE выполнен: FlightDate=2024-01-06
2026-05-04 19:47:14,620 [INFO] OPTIMIZE выполнен: FlightDate=2024-01-07
2026-05-04 19:47:14,937 [INFO] OPTIMIZE выполнен: FlightDate=2024-01-08
2026-05-04 19:47:15,301 [INFO] OPTIMIZE выполнен: FlightDate=2024-01-09
2026-05-04 19:47:15,544 [INFO] OPTIMIZE выполнен: FlightDate=2024-01-10
2026-05-04 19:47:15,629 [INFO] OPTIMIZE выполнен: FlightDate=2024-01-11
2026-05-04 19:47:15,740 [INFO] OPTIMIZE выполнен: FlightDate=2024-01-12
2026-05-04 19:47:15,821 [INFO] OPTIMIZE выполнен: FlightDate=2024-01-13
2026-05-04 19:47:15,902 [INFO] OPTIMIZE выполнен: FlightDate=2024-01-14
2026-05-04 19:47:15,983 [INFO] OPTIMIZE выполнен: FlightDate=2024-01-15
2026-05-04 19:47:16,062 [INFO] OPTIMIZE выполнен: FlightDate=2024-01-16
2026-05-04 19:47:16,142 [INFO] OPTIMIZE выполнен: FlightDate=2024-01-17
2026-05-04 19:47:16,223 [INFO] OPTIMIZE выполнен: FlightDate=2024-01-18
2026-05-04 19:47:16,307 [INFO] OPTIMIZE выполнен: FlightDate=2024-01-19
2026-05-04 19:47:16,388 [INFO] OPTIMIZE выполнен: FlightDate=2024-01-20
2026-05-04 19:47:16,560 [INFO] OPTIMIZE выполнен: FlightDate=2024-01-21
2026-05-04 19:47:16,641 [INFO] OPTIMIZE выполнен: FlightDate=2024-01-22
2026-05-04 19:47:16,725 [INFO] OPTIMIZE выполнен: FlightDate=2024-01-23
2026-05-04 19:47:16,806 [INFO] OPTIMIZE выполнен: FlightDate=2024-01-24
2026-05-04 19:47:16,888 [INFO] OPTIMIZE выполнен: FlightDate=2024-01-25
2026-05-04 19:47:16,975 [INFO] OPTIMIZE выполнен: FlightDate=2024-01-26
2026-05-04 19:47:17,063 [INFO] OPTIMIZE выполнен: FlightDate=2024-01-27
2026-05-04 19:47:17,146 [INFO] OPTIMIZE выполнен: FlightDate=2024-01-28
2026-05-04 19:47:17,226 [INFO] OPTIMIZE выполнен: FlightDate=2024-01-29
2026-05-04 19:47:17,308 [INFO] OPTIMIZE выполнен: FlightDate=2024-01-30
2026-05-04 19:47:17,388 [INFO] OPTIMIZE выполнен: FlightDate=2024-01-31
2026-05-04 19:47:17,389 [INFO] OPTIMIZE (compaction) выполнен на Silver.
2026-05-04 19:47:17,697 [INFO] Z-ORDER выполнен: FlightDate=2024-01-01
2026-05-04 19:47:17,989 [INFO] Z-ORDER выполнен: FlightDate=2024-01-02
2026-05-04 19:47:18,331 [INFO] Z-ORDER выполнен: FlightDate=2024-01-03
2026-05-04 19:47:18,675 [INFO] Z-ORDER выполнен: FlightDate=2024-01-04
2026-05-04 19:47:18,930 [INFO] Z-ORDER выполнен: FlightDate=2024-01-05
2026-05-04 19:47:19,280 [INFO] Z-ORDER выполнен: FlightDate=2024-01-06
2026-05-04 19:47:19,714 [INFO] Z-ORDER выполнен: FlightDate=2024-01-07
2026-05-04 19:47:20,178 [INFO] Z-ORDER выполнен: FlightDate=2024-01-08
2026-05-04 19:47:20,644 [INFO] Z-ORDER выполнен: FlightDate=2024-01-09
2026-05-04 19:47:21,012 [INFO] Z-ORDER выполнен: FlightDate=2024-01-10
2026-05-04 19:47:21,560 [INFO] Z-ORDER выполнен: FlightDate=2024-01-11
2026-05-04 19:47:22,021 [INFO] Z-ORDER выполнен: FlightDate=2024-01-12
2026-05-04 19:47:22,657 [INFO] Z-ORDER выполнен: FlightDate=2024-01-13
2026-05-04 19:47:23,060 [INFO] Z-ORDER выполнен: FlightDate=2024-01-14
2026-05-04 19:47:23,566 [INFO] Z-ORDER выполнен: FlightDate=2024-01-15
2026-05-04 19:47:23,922 [INFO] Z-ORDER выполнен: FlightDate=2024-01-16
2026-05-04 19:47:24,270 [INFO] Z-ORDER выполнен: FlightDate=2024-01-17
2026-05-04 19:47:24,804 [INFO] Z-ORDER выполнен: FlightDate=2024-01-18
2026-05-04 19:47:25,248 [INFO] Z-ORDER выполнен: FlightDate=2024-01-19
2026-05-04 19:47:25,605 [INFO] Z-ORDER выполнен: FlightDate=2024-01-20
2026-05-04 19:47:25,963 [INFO] Z-ORDER выполнен: FlightDate=2024-01-21
2026-05-04 19:47:26,322 [INFO] Z-ORDER выполнен: FlightDate=2024-01-22
2026-05-04 19:47:27,135 [INFO] Z-ORDER выполнен: FlightDate=2024-01-23
2026-05-04 19:47:27,565 [INFO] Z-ORDER выполнен: FlightDate=2024-01-24
2026-05-04 19:47:27,990 [INFO] Z-ORDER выполнен: FlightDate=2024-01-25
2026-05-04 19:47:28,551 [INFO] Z-ORDER выполнен: FlightDate=2024-01-26
2026-05-04 19:47:28,885 [INFO] Z-ORDER выполнен: FlightDate=2024-01-27
2026-05-04 19:47:29,301 [INFO] Z-ORDER выполнен: FlightDate=2024-01-28
2026-05-04 19:47:29,771 [INFO] Z-ORDER выполнен: FlightDate=2024-01-29
2026-05-04 19:47:30,282 [INFO] Z-ORDER выполнен: FlightDate=2024-01-30
2026-05-04 19:47:30,863 [INFO] Z-ORDER выполнен: FlightDate=2024-01-31
2026-05-04 19:47:30,864 [INFO] Z-ORDER по [Origin, DayOfWeek] выполнен на Silver.
2026-05-04 19:47:30,930 [INFO] VACUUM выполнен на Silver.
2026-05-04 19:47:30,930 [INFO] [Time Travel] Читаем версию 0 таблицы Silver:
2026-05-04 19:47:31,024 [INFO] 
shape: (5, 4)
┌────────────┬────────┬──────┬──────────┐
│ FlightDate ┆ Origin ┆ Dest ┆ ArrDelay │
│ ---        ┆ ---    ┆ ---  ┆ ---      │
│ str        ┆ str    ┆ str  ┆ f64      │
╞════════════╪════════╪══════╪══════════╡
│ 2024-01-01 ┆ PHX    ┆ OMA  ┆ -14.0    │
│ 2024-01-01 ┆ CLT    ┆ LGA  ┆ 7.0      │
│ 2024-01-01 ┆ SAN    ┆ HNL  ┆ 68.0     │
│ 2024-01-01 ┆ RSW    ┆ EWR  ┆ 99.0     │
│ 2024-01-01 ┆ IAH    ┆ DFW  ┆ 37.0     │
└────────────┴────────┴──────┴──────────┘
2026-05-04 19:47:31,024 [INFO] Текущая версия Silver: 61
2026-05-04 19:47:31,024 [INFO] [Schema Evolution] Добавляем колонку is_long_flight в Gold features:
2026-05-04 19:47:31,314 [INFO] Schema evolution выполнен: добавлена колонка is_long_flight.
2026-05-04 19:47:31,314 [INFO] === DELTA OPS: Готово ===
2026-05-04 19:47:31,315 [INFO] DELTA OPS: OK
2026-05-04 19:47:31,315 [INFO] ========================================
2026-05-04 19:47:31,315 [INFO] Запуск шага: ML
2026-05-04 19:47:31,315 [INFO] ========================================
2026-05-04 19:47:31,316 [INFO] === ML: Обучение моделей ===
2026-05-04 19:47:31,380 [INFO] Загружено строк: 557133
2026-05-04 19:47:32,117 [INFO] Версия Gold таблицы: 1
2026-05-04 19:47:35,509 [INFO] [REG] LinearRegression → MAE: 11.00, RMSE: 15.74, R2: 0.893
2026-05-04 19:47:48,011 [INFO] [REG] RandomForestRegressor → MAE: 10.89, RMSE: 15.58, R2: 0.895
2026-05-04 19:47:50,873 [INFO] [REG] LightGBM_Regressor → MAE: 10.65, RMSE: 15.24, R2: 0.899
2026-05-04 19:48:04,471 [INFO] [CLF] LogisticRegression → Accuracy: 0.917, F1: 0.801, ROC-AUC: 0.924
2026-05-04 19:48:10,448 [INFO] [CLF] RandomForestClassifier → Accuracy: 0.918, F1: 0.801, ROC-AUC: 0.931
2026-05-04 19:48:13,900 [INFO] [CLF] LightGBM_Classifier → Accuracy: 0.919, F1: 0.803, ROC-AUC: 0.934
2026-05-04 19:48:14,392 [INFO] Feature Importance (регрессия):
2026-05-04 19:48:14,397 [INFO] 
                    feature  reg_importance
                   DepDelay        0.991856
                   Distance        0.002669
                      route        0.001286
IATA_Code_Marketing_Airline        0.001100
                       hour        0.001015
                       Dest        0.000984
                  DayOfWeek        0.000691
                     Origin        0.000399
                     season        0.000000
                      month        0.000000
2026-05-04 19:48:14,413 [INFO] === ML: Готово ===
2026-05-04 19:48:14,416 [INFO] ML: OK
2026-05-04 19:48:14,417 [INFO] Весь пайплайн завершён успешно!
2026-05-04 20:17:17,033 [INFO] Пайплайн запущен
2026-05-04 20:17:17,033 [INFO] ========================================
2026-05-04 20:17:17,034 [INFO] Запуск шага: BRONZE
2026-05-04 20:17:17,034 [INFO] ========================================
2026-05-04 20:17:17,035 [INFO] === BRONZE: Загрузка CSV в Delta ===
2026-05-04 20:17:18,450 [INFO] Загружено строк: 582425, колонок: 120
2026-05-04 20:17:18,726 [INFO] Записан день: 2024-01-01 | строк: 18338
2026-05-04 20:17:18,890 [INFO] Записан день: 2024-01-02 | строк: 20169
2026-05-04 20:17:19,064 [INFO] Записан день: 2024-01-03 | строк: 19693
2026-05-04 20:17:19,242 [INFO] Записан день: 2024-01-04 | строк: 19202
2026-05-04 20:17:19,447 [INFO] Записан день: 2024-01-05 | строк: 19251
2026-05-04 20:17:19,614 [INFO] Записан день: 2024-01-06 | строк: 18108
2026-05-04 20:17:19,862 [INFO] Записан день: 2024-01-07 | строк: 20021
2026-05-04 20:17:20,029 [INFO] Записан день: 2024-01-08 | строк: 19637
2026-05-04 20:17:20,215 [INFO] Записан день: 2024-01-09 | строк: 17822
2026-05-04 20:17:20,460 [INFO] Записан день: 2024-01-10 | строк: 17893
2026-05-04 20:17:20,630 [INFO] Записан день: 2024-01-11 | строк: 19709
2026-05-04 20:17:20,925 [INFO] Записан день: 2024-01-12 | строк: 19812
2026-05-04 20:17:21,221 [INFO] Записан день: 2024-01-13 | строк: 16501
2026-05-04 20:17:21,466 [INFO] Записан день: 2024-01-14 | строк: 18648
2026-05-04 20:17:21,776 [INFO] Записан день: 2024-01-15 | строк: 19804
2026-05-04 20:17:22,002 [INFO] Записан день: 2024-01-16 | строк: 17574
2026-05-04 20:17:22,337 [INFO] Записан день: 2024-01-17 | строк: 17973
2026-05-04 20:17:22,632 [INFO] Записан день: 2024-01-18 | строк: 19872
2026-05-04 20:17:22,965 [INFO] Записан день: 2024-01-19 | строк: 19912
2026-05-04 20:17:23,441 [INFO] Записан день: 2024-01-20 | строк: 16580
2026-05-04 20:17:23,845 [INFO] Записан день: 2024-01-21 | строк: 19750
2026-05-04 20:17:24,247 [INFO] Записан день: 2024-01-22 | строк: 19739
2026-05-04 20:17:24,577 [INFO] Записан день: 2024-01-23 | строк: 17516
2026-05-04 20:17:25,005 [INFO] Записан день: 2024-01-24 | строк: 17929
2026-05-04 20:17:25,371 [INFO] Записан день: 2024-01-25 | строк: 19891
2026-05-04 20:17:25,799 [INFO] Записан день: 2024-01-26 | строк: 19923
2026-05-04 20:17:26,215 [INFO] Записан день: 2024-01-27 | строк: 16591
2026-05-04 20:17:26,792 [INFO] Записан день: 2024-01-28 | строк: 19822
2026-05-04 20:17:27,335 [INFO] Записан день: 2024-01-29 | строк: 19563
2026-05-04 20:17:27,747 [INFO] Записан день: 2024-01-30 | строк: 17396
2026-05-04 20:17:28,111 [INFO] Записан день: 2024-01-31 | строк: 17786
2026-05-04 20:17:28,239 [INFO] Итого версий Delta: 30
2026-05-04 20:17:28,239 [INFO] === BRONZE: Готово ===
2026-05-04 20:17:28,244 [INFO] BRONZE: OK
2026-05-04 20:17:28,244 [INFO] ========================================
2026-05-04 20:17:28,244 [INFO] Запуск шага: SILVER
2026-05-04 20:17:28,244 [INFO] ========================================
2026-05-04 20:17:28,245 [INFO] === SILVER: Очистка и трансформация ===
2026-05-04 20:17:28,474 [INFO] Строк после очистки: 557133
2026-05-04 20:17:28,543 [INFO] Строк после дедупликации: 557133
2026-05-04 20:17:28,646 [INFO] Записан день: 2024-01-01, строк=18274
2026-05-04 20:17:28,757 [INFO] Записан день: 2024-01-02, строк=20084
2026-05-04 20:17:28,858 [INFO] Записан день: 2024-01-03, строк=19615
2026-05-04 20:17:28,987 [INFO] Записан день: 2024-01-04, строк=19087
2026-05-04 20:17:29,120 [INFO] Записан день: 2024-01-05, строк=19198
2026-05-04 20:17:29,245 [INFO] Записан день: 2024-01-06, строк=17564
2026-05-04 20:17:29,372 [INFO] Записан день: 2024-01-07, строк=19268
2026-05-04 20:17:29,551 [INFO] Записан день: 2024-01-08, строк=18665
2026-05-04 20:17:29,752 [INFO] Записан день: 2024-01-09, строк=16056
2026-05-04 20:17:29,923 [INFO] Записан день: 2024-01-10, строк=17273
2026-05-04 20:17:30,047 [INFO] Записан день: 2024-01-11, строк=19163
2026-05-04 20:17:30,187 [INFO] Записан день: 2024-01-12, строк=17501
2026-05-04 20:17:30,389 [INFO] Записан день: 2024-01-13, строк=15251
2026-05-04 20:17:30,575 [INFO] Записан день: 2024-01-14, строк=17032
2026-05-04 20:17:30,800 [INFO] Записан день: 2024-01-15, строк=16261
2026-05-04 20:17:31,077 [INFO] Записан день: 2024-01-16, строк=15128
2026-05-04 20:17:31,335 [INFO] Записан день: 2024-01-17, строк=16842
2026-05-04 20:17:31,578 [INFO] Записан день: 2024-01-18, строк=19196
2026-05-04 20:17:31,866 [INFO] Записан день: 2024-01-19, строк=18796
2026-05-04 20:17:32,100 [INFO] Записан день: 2024-01-20, строк=16201
2026-05-04 20:17:32,382 [INFO] Записан день: 2024-01-21, строк=19357
2026-05-04 20:17:32,554 [INFO] Записан день: 2024-01-22, строк=18790
2026-05-04 20:17:32,890 [INFO] Записан день: 2024-01-23, строк=16856
2026-05-04 20:17:33,245 [INFO] Записан день: 2024-01-24, строк=17112
2026-05-04 20:17:33,618 [INFO] Записан день: 2024-01-25, строк=18921
2026-05-04 20:17:34,299 [INFO] Записан день: 2024-01-26, строк=19419
2026-05-04 20:17:34,586 [INFO] Записан день: 2024-01-27, строк=16230
2026-05-04 20:17:34,883 [INFO] Записан день: 2024-01-28, строк=19616
2026-05-04 20:17:35,252 [INFO] Записан день: 2024-01-29, строк=19396
2026-05-04 20:17:35,711 [INFO] Записан день: 2024-01-30, строк=17294
2026-05-04 20:17:36,064 [INFO] Записан день: 2024-01-31, строк=17687
2026-05-04 20:17:36,247 [INFO] Версия Silver: 30
2026-05-04 20:17:36,248 [INFO] === SILVER: Готово ===
2026-05-04 20:17:36,249 [INFO] SILVER: OK
2026-05-04 20:17:36,249 [INFO] ========================================
2026-05-04 20:17:36,249 [INFO] Запуск шага: GOLD
2026-05-04 20:17:36,249 [INFO] ========================================
2026-05-04 20:17:36,250 [INFO] === GOLD: Создание витрин ===
2026-05-04 20:17:36,562 [INFO] Аналитика: 43389 строк
2026-05-04 20:17:36,704 [INFO] Витрина analytics записана.
2026-05-04 20:17:36,762 [INFO] Feature table: 557133 строк
2026-05-04 20:17:37,024 [INFO] Витрина features записана.
2026-05-04 20:17:37,072 [INFO] Версия analytics: 0
2026-05-04 20:17:37,109 [INFO] Версия features: 0
2026-05-04 20:17:37,109 [INFO] === GOLD: Готово ===
2026-05-04 20:17:37,110 [INFO] GOLD: OK
2026-05-04 20:17:37,111 [INFO] ========================================
2026-05-04 20:17:37,111 [INFO] Запуск шага: DELTA OPS
2026-05-04 20:17:37,111 [INFO] ========================================
2026-05-04 20:17:37,112 [INFO] === DELTA OPS: Обслуживание таблиц ===
2026-05-04 20:17:37,626 [INFO] OPTIMIZE выполнен: FlightDate=2024-01-01
2026-05-04 20:17:37,788 [INFO] OPTIMIZE выполнен: FlightDate=2024-01-02
2026-05-04 20:17:37,924 [INFO] OPTIMIZE выполнен: FlightDate=2024-01-03
2026-05-04 20:17:38,013 [INFO] OPTIMIZE выполнен: FlightDate=2024-01-04
2026-05-04 20:17:38,111 [INFO] OPTIMIZE выполнен: FlightDate=2024-01-05
2026-05-04 20:17:38,636 [INFO] OPTIMIZE выполнен: FlightDate=2024-01-06
2026-05-04 20:17:38,744 [INFO] OPTIMIZE выполнен: FlightDate=2024-01-07
2026-05-04 20:17:38,876 [INFO] OPTIMIZE выполнен: FlightDate=2024-01-08
2026-05-04 20:17:39,077 [INFO] OPTIMIZE выполнен: FlightDate=2024-01-09
2026-05-04 20:17:39,222 [INFO] OPTIMIZE выполнен: FlightDate=2024-01-10
2026-05-04 20:17:39,373 [INFO] OPTIMIZE выполнен: FlightDate=2024-01-11
2026-05-04 20:17:39,592 [INFO] OPTIMIZE выполнен: FlightDate=2024-01-12
2026-05-04 20:17:39,773 [INFO] OPTIMIZE выполнен: FlightDate=2024-01-13
2026-05-04 20:17:39,989 [INFO] OPTIMIZE выполнен: FlightDate=2024-01-14
2026-05-04 20:17:40,154 [INFO] OPTIMIZE выполнен: FlightDate=2024-01-15
2026-05-04 20:17:40,318 [INFO] OPTIMIZE выполнен: FlightDate=2024-01-16
2026-05-04 20:17:40,478 [INFO] OPTIMIZE выполнен: FlightDate=2024-01-17
2026-05-04 20:17:40,641 [INFO] OPTIMIZE выполнен: FlightDate=2024-01-18
2026-05-04 20:17:40,799 [INFO] OPTIMIZE выполнен: FlightDate=2024-01-19
2026-05-04 20:17:40,927 [INFO] OPTIMIZE выполнен: FlightDate=2024-01-20
2026-05-04 20:17:41,078 [INFO] OPTIMIZE выполнен: FlightDate=2024-01-21
2026-05-04 20:17:41,246 [INFO] OPTIMIZE выполнен: FlightDate=2024-01-22
2026-05-04 20:17:41,417 [INFO] OPTIMIZE выполнен: FlightDate=2024-01-23
2026-05-04 20:17:41,600 [INFO] OPTIMIZE выполнен: FlightDate=2024-01-24
2026-05-04 20:17:41,824 [INFO] OPTIMIZE выполнен: FlightDate=2024-01-25
2026-05-04 20:17:41,984 [INFO] OPTIMIZE выполнен: FlightDate=2024-01-26
2026-05-04 20:17:42,157 [INFO] OPTIMIZE выполнен: FlightDate=2024-01-27
2026-05-04 20:17:42,323 [INFO] OPTIMIZE выполнен: FlightDate=2024-01-28
2026-05-04 20:17:42,502 [INFO] OPTIMIZE выполнен: FlightDate=2024-01-29
2026-05-04 20:17:42,675 [INFO] OPTIMIZE выполнен: FlightDate=2024-01-30
2026-05-04 20:17:42,760 [INFO] OPTIMIZE выполнен: FlightDate=2024-01-31
2026-05-04 20:17:42,760 [INFO] OPTIMIZE (compaction) выполнен на Silver.
2026-05-04 20:17:43,232 [INFO] Z-ORDER выполнен: FlightDate=2024-01-01
2026-05-04 20:17:43,542 [INFO] Z-ORDER выполнен: FlightDate=2024-01-02
2026-05-04 20:17:43,964 [INFO] Z-ORDER выполнен: FlightDate=2024-01-03
2026-05-04 20:17:44,272 [INFO] Z-ORDER выполнен: FlightDate=2024-01-04
2026-05-04 20:17:44,581 [INFO] Z-ORDER выполнен: FlightDate=2024-01-05
2026-05-04 20:17:45,326 [INFO] Z-ORDER выполнен: FlightDate=2024-01-06
2026-05-04 20:17:45,644 [INFO] Z-ORDER выполнен: FlightDate=2024-01-07
2026-05-04 20:17:46,053 [INFO] Z-ORDER выполнен: FlightDate=2024-01-08
2026-05-04 20:17:46,377 [INFO] Z-ORDER выполнен: FlightDate=2024-01-09
2026-05-04 20:17:46,887 [INFO] Z-ORDER выполнен: FlightDate=2024-01-10
2026-05-04 20:17:47,425 [INFO] Z-ORDER выполнен: FlightDate=2024-01-11
2026-05-04 20:17:47,762 [INFO] Z-ORDER выполнен: FlightDate=2024-01-12
2026-05-04 20:17:48,151 [INFO] Z-ORDER выполнен: FlightDate=2024-01-13
2026-05-04 20:17:48,460 [INFO] Z-ORDER выполнен: FlightDate=2024-01-14
2026-05-04 20:17:48,919 [INFO] Z-ORDER выполнен: FlightDate=2024-01-15
2026-05-04 20:17:49,328 [INFO] Z-ORDER выполнен: FlightDate=2024-01-16
2026-05-04 20:17:49,869 [INFO] Z-ORDER выполнен: FlightDate=2024-01-17
2026-05-04 20:17:50,272 [INFO] Z-ORDER выполнен: FlightDate=2024-01-18
2026-05-04 20:17:50,713 [INFO] Z-ORDER выполнен: FlightDate=2024-01-19
2026-05-04 20:17:51,116 [INFO] Z-ORDER выполнен: FlightDate=2024-01-20
2026-05-04 20:17:51,547 [INFO] Z-ORDER выполнен: FlightDate=2024-01-21
2026-05-04 20:17:52,092 [INFO] Z-ORDER выполнен: FlightDate=2024-01-22
2026-05-04 20:17:52,421 [INFO] Z-ORDER выполнен: FlightDate=2024-01-23
2026-05-04 20:17:52,900 [INFO] Z-ORDER выполнен: FlightDate=2024-01-24
2026-05-04 20:17:53,289 [INFO] Z-ORDER выполнен: FlightDate=2024-01-25
2026-05-04 20:17:53,764 [INFO] Z-ORDER выполнен: FlightDate=2024-01-26
2026-05-04 20:17:54,374 [INFO] Z-ORDER выполнен: FlightDate=2024-01-27
2026-05-04 20:17:54,783 [INFO] Z-ORDER выполнен: FlightDate=2024-01-28
2026-05-04 20:17:55,348 [INFO] Z-ORDER выполнен: FlightDate=2024-01-29
2026-05-04 20:17:55,784 [INFO] Z-ORDER выполнен: FlightDate=2024-01-30
2026-05-04 20:17:56,304 [INFO] Z-ORDER выполнен: FlightDate=2024-01-31
2026-05-04 20:17:56,305 [INFO] Z-ORDER по [Origin, DayOfWeek] выполнен на Silver.
2026-05-04 20:17:56,381 [INFO] VACUUM выполнен на Silver.
2026-05-04 20:17:56,382 [INFO] [Time Travel] Читаем версию 0 таблицы Silver:
2026-05-04 20:17:56,511 [INFO] 
shape: (5, 4)
┌────────────┬────────┬──────┬──────────┐
│ FlightDate ┆ Origin ┆ Dest ┆ ArrDelay │
│ ---        ┆ ---    ┆ ---  ┆ ---      │
│ str        ┆ str    ┆ str  ┆ f64      │
╞════════════╪════════╪══════╪══════════╡
│ 2024-01-01 ┆ ORD    ┆ DTW  ┆ -2.0     │
│ 2024-01-01 ┆ TYS    ┆ DFW  ┆ -36.0    │
│ 2024-01-01 ┆ ATL    ┆ LAS  ┆ -11.0    │
│ 2024-01-01 ┆ PHL    ┆ SYR  ┆ -31.0    │
│ 2024-01-01 ┆ MCO    ┆ ALB  ┆ 17.0     │
└────────────┴────────┴──────┴──────────┘
2026-05-04 20:17:56,511 [INFO] Текущая версия Silver: 61
2026-05-04 20:17:56,512 [INFO] [Schema Evolution] Добавляем колонку is_long_flight в Gold features:
2026-05-04 20:17:56,868 [INFO] Schema evolution выполнен: добавлена колонка is_long_flight.
2026-05-04 20:17:56,868 [INFO] === DELTA OPS: Готово ===
2026-05-04 20:17:56,870 [INFO] DELTA OPS: OK
2026-05-04 20:17:56,870 [INFO] ========================================
2026-05-04 20:17:56,870 [INFO] Запуск шага: ML
2026-05-04 20:17:56,871 [INFO] ========================================
2026-05-04 20:17:56,871 [INFO] === ML: Обучение моделей ===
2026-05-04 20:17:56,936 [INFO] Загружено строк: 557133
2026-05-04 20:17:57,648 [INFO] Версия Gold таблицы: 1
2026-05-04 20:18:01,361 [INFO] [REG] LinearRegression → MAE: 11.05, RMSE: 15.86, R2: 0.892
2026-05-04 20:18:13,245 [INFO] [REG] RandomForestRegressor → MAE: 10.94, RMSE: 15.69, R2: 0.895
2026-05-04 20:18:16,001 [INFO] [REG] LightGBM_Regressor → MAE: 10.69, RMSE: 15.36, R2: 0.899
2026-05-04 20:18:36,368 [INFO] [CLF] LogisticRegression → Accuracy: 0.917, F1: 0.802, ROC-AUC: 0.924
2026-05-04 20:18:42,240 [INFO] [CLF] RandomForestClassifier → Accuracy: 0.918, F1: 0.802, ROC-AUC: 0.931
2026-05-04 20:18:45,203 [INFO] [CLF] LightGBM_Classifier → Accuracy: 0.920, F1: 0.805, ROC-AUC: 0.934
2026-05-04 20:18:45,711 [INFO] Feature Importance (регрессия):
2026-05-04 20:18:45,721 [INFO] 
                    feature  reg_importance
                   DepDelay        0.991714
                   Distance        0.002734
                      route        0.001250
IATA_Code_Marketing_Airline        0.001097
                       hour        0.001073
                       Dest        0.001052
                  DayOfWeek        0.000695
                     Origin        0.000386
                     season        0.000000
                      month        0.000000
2026-05-04 20:18:45,742 [INFO] === ML: Готово ===
2026-05-04 20:18:45,745 [INFO] ML: OK
2026-05-04 20:18:45,749 [INFO] Весь пайплайн завершён успешно!
2026-05-04 20:45:59,108 [INFO] Пайплайн запущен
2026-05-04 20:45:59,109 [INFO] ========================================
2026-05-04 20:45:59,110 [INFO] Запуск шага: BRONZE
2026-05-04 20:45:59,110 [INFO] ========================================
2026-05-04 20:45:59,112 [INFO] === BRONZE: Загрузка CSV в Delta ===
2026-05-04 20:46:00,906 [INFO] Загружено строк: 582425, колонок: 120
2026-05-04 20:46:01,223 [INFO] Записан день: 2024-01-01 | строк: 18338
2026-05-04 20:46:01,394 [INFO] Записан день: 2024-01-02 | строк: 20169
2026-05-04 20:46:01,567 [INFO] Записан день: 2024-01-03 | строк: 19693
2026-05-04 20:46:01,738 [INFO] Записан день: 2024-01-04 | строк: 19202
2026-05-04 20:46:01,896 [INFO] Записан день: 2024-01-05 | строк: 19251
2026-05-04 20:46:02,086 [INFO] Записан день: 2024-01-06 | строк: 18108
2026-05-04 20:46:02,284 [INFO] Записан день: 2024-01-07 | строк: 20021
2026-05-04 20:46:02,500 [INFO] Записан день: 2024-01-08 | строк: 19637
2026-05-04 20:46:02,740 [INFO] Записан день: 2024-01-09 | строк: 17822
2026-05-04 20:46:02,982 [INFO] Записан день: 2024-01-10 | строк: 17893
2026-05-04 20:46:03,210 [INFO] Записан день: 2024-01-11 | строк: 19709
2026-05-04 20:46:03,439 [INFO] Записан день: 2024-01-12 | строк: 19812
2026-05-04 20:46:03,644 [INFO] Записан день: 2024-01-13 | строк: 16501
2026-05-04 20:46:03,818 [INFO] Записан день: 2024-01-14 | строк: 18648
2026-05-04 20:46:04,105 [INFO] Записан день: 2024-01-15 | строк: 19804
2026-05-04 20:46:04,333 [INFO] Записан день: 2024-01-16 | строк: 17574
2026-05-04 20:46:04,597 [INFO] Записан день: 2024-01-17 | строк: 17973
2026-05-04 20:46:04,866 [INFO] Записан день: 2024-01-18 | строк: 19872
2026-05-04 20:46:05,151 [INFO] Записан день: 2024-01-19 | строк: 19912
2026-05-04 20:46:05,449 [INFO] Записан день: 2024-01-20 | строк: 16580
2026-05-04 20:46:05,725 [INFO] Записан день: 2024-01-21 | строк: 19750
2026-05-04 20:46:06,145 [INFO] Записан день: 2024-01-22 | строк: 19739
2026-05-04 20:46:06,570 [INFO] Записан день: 2024-01-23 | строк: 17516
2026-05-04 20:46:06,909 [INFO] Записан день: 2024-01-24 | строк: 17929
2026-05-04 20:46:07,434 [INFO] Записан день: 2024-01-25 | строк: 19891
2026-05-04 20:46:07,845 [INFO] Записан день: 2024-01-26 | строк: 19923
2026-05-04 20:46:08,277 [INFO] Записан день: 2024-01-27 | строк: 16591
2026-05-04 20:46:08,773 [INFO] Записан день: 2024-01-28 | строк: 19822
2026-05-04 20:46:09,212 [INFO] Записан день: 2024-01-29 | строк: 19563
2026-05-04 20:46:09,789 [INFO] Записан день: 2024-01-30 | строк: 17396
2026-05-04 20:46:10,337 [INFO] Записан день: 2024-01-31 | строк: 17786
2026-05-04 20:46:10,470 [INFO] Итого версий Delta: 30
2026-05-04 20:46:10,471 [INFO] === BRONZE: Готово ===
2026-05-04 20:46:10,475 [INFO] BRONZE: OK
2026-05-04 20:46:10,476 [INFO] ========================================
2026-05-04 20:46:10,476 [INFO] Запуск шага: SILVER
2026-05-04 20:46:10,477 [INFO] ========================================
2026-05-04 20:46:10,477 [INFO] === SILVER: Очистка и трансформация ===
2026-05-04 20:46:10,828 [INFO] Строк после очистки: 557133
2026-05-04 20:46:10,925 [INFO] Строк после дедупликации: 557133
2026-05-04 20:46:11,041 [INFO] Записан день: 2024-01-01, строк=18274
2026-05-04 20:46:11,147 [INFO] Записан день: 2024-01-02, строк=20084
2026-05-04 20:46:11,248 [INFO] Записан день: 2024-01-03, строк=19615
2026-05-04 20:46:11,363 [INFO] Записан день: 2024-01-04, строк=19087
2026-05-04 20:46:11,464 [INFO] Записан день: 2024-01-05, строк=19198
2026-05-04 20:46:11,578 [INFO] Записан день: 2024-01-06, строк=17564
2026-05-04 20:46:11,724 [INFO] Записан день: 2024-01-07, строк=19268
2026-05-04 20:46:11,864 [INFO] Записан день: 2024-01-08, строк=18665
2026-05-04 20:46:12,013 [INFO] Записан день: 2024-01-09, строк=16056
2026-05-04 20:46:12,159 [INFO] Записан день: 2024-01-10, строк=17273
2026-05-04 20:46:12,367 [INFO] Записан день: 2024-01-11, строк=19163
2026-05-04 20:46:12,571 [INFO] Записан день: 2024-01-12, строк=17501
2026-05-04 20:46:12,796 [INFO] Записан день: 2024-01-13, строк=15251
2026-05-04 20:46:13,039 [INFO] Записан день: 2024-01-14, строк=17032
2026-05-04 20:46:13,295 [INFO] Записан день: 2024-01-15, строк=16261
2026-05-04 20:46:13,439 [INFO] Записан день: 2024-01-16, строк=15128
2026-05-04 20:46:13,665 [INFO] Записан день: 2024-01-17, строк=16842
2026-05-04 20:46:13,972 [INFO] Записан день: 2024-01-18, строк=19196
2026-05-04 20:46:14,258 [INFO] Записан день: 2024-01-19, строк=18796
2026-05-04 20:46:14,493 [INFO] Записан день: 2024-01-20, строк=16201
2026-05-04 20:46:14,718 [INFO] Записан день: 2024-01-21, строк=19357
2026-05-04 20:46:15,020 [INFO] Записан день: 2024-01-22, строк=18790
2026-05-04 20:46:15,229 [INFO] Записан день: 2024-01-23, строк=16856
2026-05-04 20:46:15,483 [INFO] Записан день: 2024-01-24, строк=17112
2026-05-04 20:46:15,721 [INFO] Записан день: 2024-01-25, строк=18921
2026-05-04 20:46:15,964 [INFO] Записан день: 2024-01-26, строк=19419
2026-05-04 20:46:16,179 [INFO] Записан день: 2024-01-27, строк=16230
2026-05-04 20:46:16,494 [INFO] Записан день: 2024-01-28, строк=19616
2026-05-04 20:46:16,806 [INFO] Записан день: 2024-01-29, строк=19396
2026-05-04 20:46:17,035 [INFO] Записан день: 2024-01-30, строк=17294
2026-05-04 20:46:17,346 [INFO] Записан день: 2024-01-31, строк=17687
2026-05-04 20:46:17,554 [INFO] Версия Silver: 30
2026-05-04 20:46:17,554 [INFO] === SILVER: Готово ===
2026-05-04 20:46:17,555 [INFO] SILVER: OK
2026-05-04 20:46:17,555 [INFO] ========================================
2026-05-04 20:46:17,556 [INFO] Запуск шага: GOLD
2026-05-04 20:46:17,556 [INFO] ========================================
2026-05-04 20:46:17,556 [INFO] === GOLD: Создание витрин ===
2026-05-04 20:46:17,749 [INFO] Аналитика: 43389 строк
2026-05-04 20:46:17,896 [INFO] Витрина analytics записана.
2026-05-04 20:46:17,977 [INFO] Feature table: 557133 строк
2026-05-04 20:46:18,203 [INFO] Витрина features записана.
2026-05-04 20:46:18,278 [INFO] Версия analytics: 0
2026-05-04 20:46:18,314 [INFO] Версия features: 0
2026-05-04 20:46:18,314 [INFO] === GOLD: Готово ===
2026-05-04 20:46:18,315 [INFO] GOLD: OK
2026-05-04 20:46:18,315 [INFO] ========================================
2026-05-04 20:46:18,316 [INFO] Запуск шага: DELTA OPS
2026-05-04 20:46:18,316 [INFO] ========================================
2026-05-04 20:46:18,316 [INFO] === DELTA OPS: Обслуживание таблиц ===
2026-05-04 20:46:18,661 [INFO] OPTIMIZE выполнен: FlightDate=2024-01-01
2026-05-04 20:46:18,730 [INFO] OPTIMIZE выполнен: FlightDate=2024-01-02
2026-05-04 20:46:18,814 [INFO] OPTIMIZE выполнен: FlightDate=2024-01-03
2026-05-04 20:46:18,896 [INFO] OPTIMIZE выполнен: FlightDate=2024-01-04
2026-05-04 20:46:19,004 [INFO] OPTIMIZE выполнен: FlightDate=2024-01-05
2026-05-04 20:46:19,153 [INFO] OPTIMIZE выполнен: FlightDate=2024-01-06
2026-05-04 20:46:19,315 [INFO] OPTIMIZE выполнен: FlightDate=2024-01-07
2026-05-04 20:46:19,490 [INFO] OPTIMIZE выполнен: FlightDate=2024-01-08
2026-05-04 20:46:19,681 [INFO] OPTIMIZE выполнен: FlightDate=2024-01-09
2026-05-04 20:46:19,767 [INFO] OPTIMIZE выполнен: FlightDate=2024-01-10
2026-05-04 20:46:19,853 [INFO] OPTIMIZE выполнен: FlightDate=2024-01-11
2026-05-04 20:46:19,950 [INFO] OPTIMIZE выполнен: FlightDate=2024-01-12
2026-05-04 20:46:20,024 [INFO] OPTIMIZE выполнен: FlightDate=2024-01-13
2026-05-04 20:46:20,105 [INFO] OPTIMIZE выполнен: FlightDate=2024-01-14
2026-05-04 20:46:20,182 [INFO] OPTIMIZE выполнен: FlightDate=2024-01-15
2026-05-04 20:46:20,351 [INFO] OPTIMIZE выполнен: FlightDate=2024-01-16
2026-05-04 20:46:20,433 [INFO] OPTIMIZE выполнен: FlightDate=2024-01-17
2026-05-04 20:46:20,510 [INFO] OPTIMIZE выполнен: FlightDate=2024-01-18
2026-05-04 20:46:20,593 [INFO] OPTIMIZE выполнен: FlightDate=2024-01-19
2026-05-04 20:46:20,674 [INFO] OPTIMIZE выполнен: FlightDate=2024-01-20
2026-05-04 20:46:20,760 [INFO] OPTIMIZE выполнен: FlightDate=2024-01-21
2026-05-04 20:46:20,838 [INFO] OPTIMIZE выполнен: FlightDate=2024-01-22
2026-05-04 20:46:20,929 [INFO] OPTIMIZE выполнен: FlightDate=2024-01-23
2026-05-04 20:46:21,013 [INFO] OPTIMIZE выполнен: FlightDate=2024-01-24
2026-05-04 20:46:21,093 [INFO] OPTIMIZE выполнен: FlightDate=2024-01-25
2026-05-04 20:46:21,177 [INFO] OPTIMIZE выполнен: FlightDate=2024-01-26
2026-05-04 20:46:21,331 [INFO] OPTIMIZE выполнен: FlightDate=2024-01-27
2026-05-04 20:46:21,486 [INFO] OPTIMIZE выполнен: FlightDate=2024-01-28
2026-05-04 20:46:21,616 [INFO] OPTIMIZE выполнен: FlightDate=2024-01-29
2026-05-04 20:46:21,732 [INFO] OPTIMIZE выполнен: FlightDate=2024-01-30
2026-05-04 20:46:21,891 [INFO] OPTIMIZE выполнен: FlightDate=2024-01-31
2026-05-04 20:46:21,891 [INFO] OPTIMIZE (compaction) выполнен на Silver.
2026-05-04 20:46:22,426 [INFO] Z-ORDER выполнен: FlightDate=2024-01-01
2026-05-04 20:46:22,911 [INFO] Z-ORDER выполнен: FlightDate=2024-01-02
2026-05-04 20:46:23,234 [INFO] Z-ORDER выполнен: FlightDate=2024-01-03
2026-05-04 20:46:23,756 [INFO] Z-ORDER выполнен: FlightDate=2024-01-04
2026-05-04 20:46:24,358 [INFO] Z-ORDER выполнен: FlightDate=2024-01-05
2026-05-04 20:46:24,659 [INFO] Z-ORDER выполнен: FlightDate=2024-01-06
2026-05-04 20:46:24,964 [INFO] Z-ORDER выполнен: FlightDate=2024-01-07
2026-05-04 20:46:25,365 [INFO] Z-ORDER выполнен: FlightDate=2024-01-08
2026-05-04 20:46:25,696 [INFO] Z-ORDER выполнен: FlightDate=2024-01-09
2026-05-04 20:46:26,097 [INFO] Z-ORDER выполнен: FlightDate=2024-01-10
2026-05-04 20:46:26,538 [INFO] Z-ORDER выполнен: FlightDate=2024-01-11
2026-05-04 20:46:26,914 [INFO] Z-ORDER выполнен: FlightDate=2024-01-12
2026-05-04 20:46:27,416 [INFO] Z-ORDER выполнен: FlightDate=2024-01-13
2026-05-04 20:46:27,759 [INFO] Z-ORDER выполнен: FlightDate=2024-01-14
2026-05-04 20:46:28,189 [INFO] Z-ORDER выполнен: FlightDate=2024-01-15
2026-05-04 20:46:28,620 [INFO] Z-ORDER выполнен: FlightDate=2024-01-16
2026-05-04 20:46:28,953 [INFO] Z-ORDER выполнен: FlightDate=2024-01-17
2026-05-04 20:46:29,566 [INFO] Z-ORDER выполнен: FlightDate=2024-01-18
2026-05-04 20:46:30,083 [INFO] Z-ORDER выполнен: FlightDate=2024-01-19
2026-05-04 20:46:30,551 [INFO] Z-ORDER выполнен: FlightDate=2024-01-20
2026-05-04 20:46:30,906 [INFO] Z-ORDER выполнен: FlightDate=2024-01-21
2026-05-04 20:46:31,533 [INFO] Z-ORDER выполнен: FlightDate=2024-01-22
2026-05-04 20:46:31,915 [INFO] Z-ORDER выполнен: FlightDate=2024-01-23
2026-05-04 20:46:32,490 [INFO] Z-ORDER выполнен: FlightDate=2024-01-24
2026-05-04 20:46:32,969 [INFO] Z-ORDER выполнен: FlightDate=2024-01-25
2026-05-04 20:46:33,520 [INFO] Z-ORDER выполнен: FlightDate=2024-01-26
2026-05-04 20:46:34,038 [INFO] Z-ORDER выполнен: FlightDate=2024-01-27
2026-05-04 20:46:34,580 [INFO] Z-ORDER выполнен: FlightDate=2024-01-28
2026-05-04 20:46:35,379 [INFO] Z-ORDER выполнен: FlightDate=2024-01-29
2026-05-04 20:46:36,031 [INFO] Z-ORDER выполнен: FlightDate=2024-01-30
2026-05-04 20:46:36,485 [INFO] Z-ORDER выполнен: FlightDate=2024-01-31
2026-05-04 20:46:36,485 [INFO] Z-ORDER по [Origin, DayOfWeek] выполнен на Silver.
2026-05-04 20:46:36,562 [INFO] VACUUM выполнен на Silver.
2026-05-04 20:46:36,562 [INFO] [Time Travel] Читаем версию 0 таблицы Silver:
2026-05-04 20:46:36,660 [INFO] 
shape: (5, 4)
┌────────────┬────────┬──────┬──────────┐
│ FlightDate ┆ Origin ┆ Dest ┆ ArrDelay │
│ ---        ┆ ---    ┆ ---  ┆ ---      │
│ str        ┆ str    ┆ str  ┆ f64      │
╞════════════╪════════╪══════╪══════════╡
│ 2024-01-01 ┆ BUF    ┆ BWI  ┆ 11.0     │
│ 2024-01-01 ┆ ATL    ┆ EWR  ┆ -24.0    │
│ 2024-01-01 ┆ SFO    ┆ FAT  ┆ 13.0     │
│ 2024-01-01 ┆ ORD    ┆ MKE  ┆ -11.0    │
│ 2024-01-01 ┆ SMF    ┆ BOI  ┆ -15.0    │
└────────────┴────────┴──────┴──────────┘
2026-05-04 20:46:36,660 [INFO] Текущая версия Silver: 61
2026-05-04 20:46:36,661 [INFO] [Schema Evolution] Добавляем колонку is_long_flight в Gold features:
2026-05-04 20:46:36,925 [INFO] Schema evolution выполнен: добавлена колонка is_long_flight.
2026-05-04 20:46:36,926 [INFO] === DELTA OPS: Готово ===
2026-05-04 20:46:36,927 [INFO] DELTA OPS: OK
2026-05-04 20:46:36,927 [INFO] ========================================
2026-05-04 20:46:36,927 [INFO] Запуск шага: ML
2026-05-04 20:46:36,928 [INFO] ========================================
2026-05-04 20:46:36,928 [INFO] === ML: Обучение моделей ===
2026-05-04 20:46:36,971 [INFO] Загружено строк: 557133
2026-05-04 20:46:37,690 [INFO] Версия Gold таблицы: 1
2026-05-04 20:46:40,503 [INFO] [REG] LinearRegression → MAE: 11.03, RMSE: 15.82, R2: 0.892
2026-05-04 20:46:52,829 [INFO] [REG] RandomForestRegressor → MAE: 10.92, RMSE: 15.64, R2: 0.894
2026-05-04 20:46:55,632 [INFO] [REG] LightGBM_Regressor → MAE: 10.69, RMSE: 15.33, R2: 0.898
2026-05-04 20:47:07,991 [INFO] [CLF] LogisticRegression → Accuracy: 0.917, F1: 0.802, ROC-AUC: 0.925
2026-05-04 20:47:13,770 [INFO] [CLF] RandomForestClassifier → Accuracy: 0.918, F1: 0.802, ROC-AUC: 0.932
2026-05-04 20:47:16,594 [INFO] [CLF] LightGBM_Classifier → Accuracy: 0.919, F1: 0.805, ROC-AUC: 0.935
2026-05-04 20:47:17,169 [INFO] Feature Importance (регрессия):
2026-05-04 20:47:17,173 [INFO] 
                    feature  reg_importance
                   DepDelay        0.991757
                   Distance        0.002770
                      route        0.001276
IATA_Code_Marketing_Airline        0.001072
                       hour        0.001070
                       Dest        0.000990
                  DayOfWeek        0.000685
                     Origin        0.000380
                     season        0.000000
                      month        0.000000
2026-05-04 20:47:17,190 [INFO] === ML: Готово ===
2026-05-04 20:47:17,197 [INFO] ML: OK
2026-05-04 20:47:17,198 [INFO] Весь пайплайн завершён успешно!
